Wavelength,Tungsten Bulb Raw,Tungsten Bulb Covered
198,0.0048,0.0060
198,0.0041,0.0013
198,0.0034,0.0033
199,0.0023,0.0031
199,0.0048,0.0009
199,0.0017,0.0023
199,0.0044,0.0048
199,0.0046,0.0050
200,0.0050,0.0033
200,0.0033,0.0014
200,0.0055,0.0038
200,0.0020,0.0044
200,0.0051,0.0031
201,0.0042,0.0027
201,0.0025,0.0041
201,0.0052,0.0028
201,0.0032,-0.0001
201,0.0025,0.0048
202,0.0010,0.0043
202,0.0021,0.0004
202,0.0048,0.0008
202,0.0044,0.0023
202,0.0043,0.0041
203,0.0032,0.0031
203,0.0086,0.0080
203,0.0053,0.0040
203,0.0045,0.0047
203,0.0011,0.0021
204,0.0047,0.0018
204,0.0005,0.0026
204,0.0041,0.0043
204,-0.0002,0.0011
204,0.0052,0.0029
205,0.0046,0.0098
205,0.0043,0.0030
205,0.0041,0.0045
205,0.0026,0.0010
205,0.0025,0.0012
206,0.0040,0.0049
206,0.0005,0.0011
206,0.0048,0.0028
206,0.0030,0.0038
206,0.0071,0.0104
207,0.0034,0.0057
207,0.0074,0.0076
207,0.0056,0.0035
207,0.0061,0.0073
207,0.0032,0.0008
208,0.0027,0.0062
208,0.0055,0.0025
208,0.0066,0.0062
208,0.0027,0.0009
208,0.0026,0.0051
209,0.0029,0.0042
209,0.0049,0.0009
209,0.0030,0.0012
209,0.0023,0.0051
210,0.0025,0.0049
210,0.0041,0.0028
210,0.0039,0.0031
210,0.0015,0.0052
210,0.0027,0.0029
211,0.0049,0.0033
211,0.0040,0.0033
211,0.0044,0.0034
211,0.0053,0.0089
211,0.0064,0.0044
212,0.0049,0.0028
212,0.0019,0.0029
212,0.0042,0.0044
212,0.0052,0.0030
212,0.0017,-0.0003
213,0.0076,0.0126
213,0.0019,0.0020
213,0.0070,0.0069
213,0.0032,0.0048
213,0.0054,0.0062
214,0.0006,0.0009
214,0.0027,0.0041
214,0.0041,0.0022
214,0.0037,0.0018
214,0.0017,0.0029
215,0.0053,0.0021
215,0.0043,0.0036
215,0.0022,0.0051
215,0.0050,0.0033
215,0.0069,0.0075
216,0.0023,0.0014
216,0.0041,0.0032
216,0.0052,0.0083
216,0.0026,0.0037
216,0.0051,0.0048
217,0.0064,0.0027
217,0.0046,0.0026
217,0.0050,0.0081
217,0.0042,0.0044
217,0.0051,0.0030
218,0.0040,0.0039
218,0.0037,0.0072
218,0.0041,0.0069
218,0.0022,0.0070
218,0.0053,0.0046
219,0.0018,0.0030
219,0.0020,0.0011
219,0.0011,0.0054
219,0.0018,0.0048
219,0.0032,0.0010
220,0.0044,0.0020
220,0.0051,0.0048
220,0.0038,0.0068
220,0.0078,0.0037
221,0.0048,0.0060
221,0.0053,0.0083
221,0.0025,0.0037
221,0.0038,0.0024
221,0.0024,0.0031
222,0.0042,0.0042
222,0.0037,0.0014
222,0.0042,0.0051
222,0.0006,0.0016
222,0.0037,0.0018
223,0.0049,0.0031
223,0.0071,0.0086
223,-0.0003,0.0047
223,0.0033,0.0042
223,0.0020,0.0066
224,0.0041,0.0021
224,0.0040,0.0019
224,0.0040,0.0042
224,0.0029,-0.0017
224,0.0077,0.0032
225,0.0050,0.0048
225,0.0029,0.0027
225,0.0050,0.0028
225,0.0017,-0.0006
225,0.0003,0.0012
226,0.0053,0.0048
226,0.0037,0.0018
226,0.0038,0.0031
226,0.0029,-0.0004
226,0.0051,0.0000
227,0.0052,0.0030
227,0.0046,0.0052
227,0.0032,0.0033
227,0.0068,0.0101
227,0.0009,0.0052
228,0.0022,0.0054
228,0.0038,0.0038
228,0.0068,0.0047
228,0.0044,0.0028
228,0.0043,0.0036
229,0.0012,0.0041
229,-0.0006,0.0038
229,0.0072,0.0027
229,0.0023,0.0062
229,0.0037,0.0023
230,0.0047,0.0067
230,0.0033,0.0044
230,0.0064,0.0033
230,0.0046,0.0049
231,0.0049,0.0049
231,0.0003,0.0006
231,0.0043,0.0073
231,0.0048,0.0038
231,0.0054,0.0035
232,0.0021,0.0050
232,0.0033,0.0035
232,0.0055,0.0037
232,0.0037,0.0070
232,0.0017,-0.0012
233,0.0048,0.0027
233,0.0044,0.0022
233,0.0046,0.0021
233,0.0082,0.0047
233,0.0045,0.0042
234,0.0034,0.0012
234,0.0042,0.0009
234,0.0063,0.0067
234,0.0072,0.0069
234,0.0006,0.0034
235,0.0027,0.0043
235,0.0038,0.0060
235,0.0055,0.0051
235,0.0054,0.0029
235,0.0071,0.0055
236,0.0020,0.0032
236,0.0054,0.0055
236,0.0027,0.0071
236,0.0043,0.0057
236,0.0020,0.0027
237,0.0034,0.0058
237,0.0034,0.0040
237,0.0027,0.0037
237,0.0038,0.0041
237,0.0049,0.0034
238,0.0008,0.0006
238,0.0038,0.0045
238,0.0041,0.0025
238,0.0043,0.0016
239,0.0045,0.0044
239,0.0034,0.0023
239,0.0038,0.0010
239,0.0037,0.0029
239,0.0024,0.0033
240,0.0068,0.0029
240,0.0032,0.0032
240,0.0037,0.0043
240,0.0065,0.0046
240,0.0063,0.0020
241,0.0036,0.0049
241,0.0048,0.0056
241,0.0025,0.0057
241,0.0051,0.0021
241,0.0049,0.0027
242,0.0037,0.0041
242,0.0033,0.0077
242,0.0050,0.0018
242,0.0050,0.0046
242,0.0032,0.0041
243,0.0042,0.0022
243,0.0035,0.0043
243,0.0030,0.0046
243,0.0046,0.0039
243,0.0043,0.0057
244,0.0051,0.0039
244,0.0018,0.0046
244,0.0026,0.0031
244,0.0008,0.0016
244,0.0024,0.0036
245,0.0043,0.0020
245,0.0029,0.0037
245,0.0058,0.0043
245,0.0023,0.0016
246,0.0028,0.0017
246,0.0038,0.0057
246,0.0034,0.0042
246,0.0049,0.0035
246,0.0048,0.0022
247,0.0071,0.0065
247,0.0025,0.0019
247,0.0057,0.0024
247,0.0042,0.0063
247,0.0040,0.0010
248,0.0036,0.0000
248,0.0065,0.0036
248,0.0046,0.0035
248,0.0034,0.0048
248,0.0021,0.0043
249,0.0038,0.0063
249,0.0049,0.0039
249,0.0037,0.0040
249,0.0049,0.0017
249,0.0038,0.0059
250,0.0043,0.0023
250,0.0038,0.0060
250,0.0041,0.0054
250,0.0038,0.0001
250,0.0028,0.0031
251,0.0043,0.0013
251,0.0025,0.0061
251,0.0046,0.0014
251,0.0022,0.0024
251,0.0049,0.0006
252,0.0024,-0.0011
252,0.0064,0.0018
252,0.0008,0.0032
252,0.0054,0.0039
253,0.0048,0.0057
253,0.0038,0.0025
253,0.0052,0.0019
253,0.0025,0.0039
253,0.0032,0.0035
254,0.0023,0.0044
254,0.0040,0.0017
254,0.0036,0.0043
254,0.0026,0.0015
254,0.0037,0.0064
255,0.0050,0.0078
255,0.0029,0.0054
255,0.0038,0.0025
255,0.0051,0.0051
255,0.0032,0.0050
256,0.0036,0.0015
256,0.0028,0.0005
256,0.0012,0.0067
256,0.0057,0.0017
256,0.0025,0.0071
257,0.0048,0.0019
257,0.0073,0.0051
257,0.0020,0.0025
257,0.0033,0.0043
257,0.0043,0.0063
258,0.0059,0.0056
258,0.0037,0.0037
258,0.0018,0.0036
258,0.0052,0.0019
259,0.0052,0.0032
259,0.0044,0.0047
259,0.0045,0.0032
259,0.0035,0.0041
259,0.0045,0.0017
260,0.0067,0.0022
260,0.0023,0.0063
260,0.0032,0.0011
260,0.0048,0.0044
260,0.0021,0.0009
261,0.0044,0.0054
261,0.0057,0.0023
261,0.0035,0.0039
261,0.0028,0.0034
261,0.0052,0.0040
262,0.0036,0.0039
262,0.0055,0.0060
262,0.0048,0.0058
262,0.0036,0.0030
262,0.0015,0.0020
263,0.0038,0.0015
263,0.0050,0.0027
263,0.0026,0.0029
263,0.0041,0.0048
264,0.0039,0.0073
264,0.0027,0.0040
264,0.0048,0.0031
264,0.0043,0.0047
264,0.0043,0.0085
265,0.0036,0.0054
265,0.0034,0.0039
265,0.0022,0.0032
265,0.0049,0.0035
265,0.0046,0.0052
266,0.0026,0.0033
266,0.0031,0.0039
266,0.0049,0.0025
266,0.0038,0.0050
266,0.0050,0.0026
267,0.0071,0.0044
267,0.0040,0.0055
267,0.0012,0.0018
267,0.0082,0.0044
267,0.0021,0.0035
268,0.0060,0.0048
268,0.0049,0.0019
268,0.0053,0.0068
268,0.0052,0.0039
268,0.0041,0.0045
269,0.0060,0.0055
269,0.0052,0.0076
269,0.0017,0.0058
269,0.0051,0.0069
270,0.0017,0.0014
270,0.0031,0.0047
270,0.0044,0.0043
270,0.0067,0.0029
270,0.0035,0.0024
271,0.0043,0.0083
271,0.0046,0.0024
271,0.0022,0.0024
271,0.0039,0.0013
271,0.0040,0.0045
272,0.0032,0.0042
272,0.0057,0.0007
272,0.0052,0.0033
272,0.0038,0.0033
272,0.0023,0.0015
273,0.0049,0.0034
273,0.0040,0.0065
273,0.0047,0.0058
273,0.0052,0.0020
273,0.0058,0.0024
274,0.0016,0.0018
274,0.0057,0.0066
274,0.0064,0.0032
274,0.0054,0.0074
275,0.0056,0.0071
275,0.0053,0.0040
275,0.0040,0.0061
275,0.0065,0.0038
275,0.0046,0.0020
276,0.0053,0.0052
276,0.0035,0.0050
276,0.0049,0.0014
276,0.0029,0.0009
276,0.0043,0.0041
277,0.0043,0.0071
277,0.0035,0.0054
277,0.0040,0.0031
277,0.0036,0.0065
277,0.0041,0.0036
278,0.0062,0.0055
278,0.0044,0.0048
278,0.0073,0.0067
278,0.0061,0.0018
278,0.0070,0.0071
279,0.0058,0.0034
279,0.0059,0.0036
279,0.0046,0.0056
279,0.0045,0.0047
280,0.0043,0.0051
280,0.0053,0.0069
280,0.0061,0.0017
280,0.0053,0.0036
280,0.0025,0.0013
281,0.0040,0.0071
281,0.0086,0.0053
281,0.0039,0.0041
281,0.0037,0.0066
281,0.0056,0.0067
282,0.0016,0.0067
282,0.0043,0.0045
282,0.0043,0.0025
282,0.0063,0.0051
282,0.0029,0.0016
283,0.0062,0.0066
283,0.0023,0.0047
283,0.0032,0.0063
283,0.0027,0.0029
283,0.0058,0.0031
284,0.0031,0.0058
284,0.0022,0.0054
284,0.0049,0.0053
284,0.0051,0.0080
285,0.0068,0.0042
285,0.0045,0.0024
285,0.0061,0.0054
285,0.0066,0.0072
285,0.0020,0.0042
286,0.0041,0.0053
286,0.0050,0.0045
286,0.0042,0.0023
286,0.0064,0.0040
286,0.0050,0.0069
287,0.0017,0.0025
287,0.0060,0.0059
287,0.0046,0.0053
287,0.0067,0.0058
287,0.0055,0.0049
288,0.0057,0.0048
288,0.0010,0.0018
288,0.0050,0.0048
288,0.0023,0.0028
289,0.0044,0.0033
289,0.0045,0.0039
289,0.0026,0.0027
289,0.0067,0.0041
289,0.0037,0.0086
290,0.0048,0.0026
290,0.0049,0.0038
290,0.0029,0.0015
290,0.0044,0.0049
290,0.0033,0.0031
291,0.0059,0.0061
291,0.0053,0.0027
291,0.0053,0.0062
291,0.0033,-0.0004
291,0.0052,0.0052
292,0.0051,0.0056
292,0.0051,0.0057
292,0.0034,0.0058
292,0.0048,0.0024
293,0.0038,0.0011
293,0.0044,0.0050
293,0.0043,0.0047
293,0.0016,0.0034
293,0.0027,0.0021
294,0.0038,0.0027
294,0.0044,0.0078
294,0.0056,0.0051
294,0.0034,0.0029
294,0.0066,0.0032
295,0.0027,0.0013
295,0.0049,0.0042
295,0.0036,0.0029
295,0.0048,0.0038
295,0.0037,0.0075
296,0.0067,0.0034
296,0.0029,0.0036
296,0.0044,0.0036
296,0.0049,0.0014
296,0.0024,0.0033
297,0.0035,0.0035
297,0.0056,0.0063
297,0.0048,0.0028
297,0.0012,0.0042
298,0.0017,0.0009
298,0.0057,0.0050
298,0.0029,0.0037
298,0.0029,0.0032
298,0.0032,0.0037
299,0.0053,0.0035
299,0.0016,0.0047
299,0.0035,0.0051
299,0.0010,0.0015
299,0.0050,0.0074
300,0.0041,0.0038
300,0.0055,0.0040
300,0.0050,0.0010
300,0.0059,0.0029
300,0.0010,0.0010
301,0.0061,0.0055
301,0.0046,0.0051
301,0.0068,0.0056
301,0.0041,0.0016
302,0.0040,0.0035
302,0.0037,0.0042
302,0.0048,0.0026
302,0.0014,0.0028
302,0.0034,0.0015
303,0.0035,-0.0002
303,0.0056,0.0051
303,0.0053,0.0079
303,0.0033,0.0039
303,0.0057,0.0023
304,0.0053,0.0064
304,0.0026,0.0039
304,0.0035,0.0042
304,0.0029,0.0039
304,0.0066,0.0028
305,0.0050,0.0037
305,0.0058,0.0060
305,0.0015,0.0029
305,0.0031,0.0030
306,0.0025,0.0035
306,0.0050,0.0065
306,0.0014,0.0036
306,0.0041,0.0050
306,0.0023,0.0037
307,0.0054,0.0023
307,0.0044,0.0043
307,0.0043,0.0033
307,0.0026,0.0054
307,0.0065,0.0060
308,0.0060,0.0072
308,0.0054,0.0029
308,0.0029,0.0058
308,0.0039,0.0039
308,0.0073,0.0036
309,0.0034,0.0019
309,0.0060,0.0029
309,0.0052,0.0022
309,0.0054,0.0061
310,0.0061,0.0067
310,0.0019,0.0040
310,0.0032,0.0009
310,0.0019,0.0014
310,0.0054,0.0069
311,0.0038,0.0014
311,0.0054,0.0049
311,0.0017,0.0060
311,0.0027,0.0082
311,0.0034,0.0066
312,0.0083,0.0056
312,0.0043,0.0064
312,0.0058,0.0074
312,0.0056,0.0040
313,0.0038,0.0053
313,0.0020,0.0012
313,0.0048,0.0020
313,0.0030,0.0021
313,0.0031,0.0056
314,0.0047,0.0055
314,0.0023,0.0022
314,0.0050,0.0022
314,0.0082,0.0057
314,0.0059,0.0041
315,0.0022,0.0035
315,0.0023,0.0014
315,0.0046,0.0066
315,0.0049,0.0029
315,0.0061,0.0067
316,0.0080,0.0065
316,0.0043,0.0005
316,0.0021,0.0036
316,0.0035,0.0040
317,0.0048,0.0063
317,0.0061,0.0044
317,0.0021,0.0028
317,0.0026,0.0045
317,0.0021,0.0042
318,0.0039,0.0065
318,0.0040,0.0008
318,0.0023,0.0042
318,0.0019,0.0065
318,0.0033,0.0058
319,0.0018,0.0025
319,0.0049,0.0049
319,0.0022,-0.0004
319,0.0057,0.0035
319,0.0039,0.0058
320,0.0034,0.0037
320,0.0038,0.0020
320,0.0058,0.0063
320,0.0044,0.0038
321,0.0037,0.0031
321,0.0040,0.0037
321,0.0032,0.0018
321,0.0039,0.0036
321,0.0043,0.0036
322,0.0058,0.0058
322,0.0053,0.0053
322,0.0015,0.0041
322,0.0057,0.0013
322,0.0037,0.0030
323,0.0054,0.0062
323,0.0055,0.0052
323,0.0045,0.0035
323,0.0049,0.0044
324,0.0077,0.0037
324,0.0043,0.0043
324,0.0065,0.0042
324,0.0035,0.0048
324,0.0075,0.0010
325,0.0017,-0.0013
325,0.0040,0.0036
325,0.0032,0.0056
325,0.0055,0.0047
325,0.0029,0.0021
326,0.0039,0.0058
326,0.0042,0.0063
326,0.0050,0.0035
326,-0.0006,0.0029
326,0.0052,0.0048
327,0.0050,0.0023
327,0.0039,0.0051
327,0.0062,0.0014
327,0.0035,0.0017
328,0.0046,0.0032
328,0.0111,0.0161
328,0.0047,0.0045
328,0.0047,0.0040
328,0.0044,0.0034
329,0.0035,0.0058
329,0.0038,0.0039
329,0.0048,0.0038
329,0.0043,0.0045
329,0.0034,0.0040
330,0.0057,0.0066
330,0.0040,0.0047
330,0.0028,0.0007
330,0.0062,0.0029
331,0.0029,0.0021
331,0.0024,0.0047
331,0.0003,0.0018
331,0.0042,0.0059
331,0.0032,0.0059
332,0.0034,0.0049
332,0.0039,0.0067
332,0.0084,0.0061
332,0.0041,0.0022
332,0.0046,0.0061
333,0.0044,0.0061
333,0.0043,0.0033
333,0.0041,0.0035
333,0.0045,0.0029
333,0.0047,0.0046
334,0.0061,0.0028
334,0.0023,0.0019
334,0.0021,0.0040
334,0.0041,0.0041
335,0.0047,0.0058
335,0.0009,0.0048
335,0.0036,0.0046
335,0.0014,0.0029
335,0.0044,0.0048
336,0.0041,0.0078
336,0.0023,0.0052
336,0.0022,0.0041
336,0.0062,0.0043
336,0.0040,0.0043
337,0.0067,0.0047
337,0.0037,0.0072
337,0.0062,0.0086
337,0.0056,0.0041
338,0.0078,0.0056
338,0.0012,0.0047
338,0.0020,0.0035
338,0.0046,0.0038
338,0.0082,0.0080
339,0.0021,0.0034
339,0.0051,0.0028
339,0.0046,0.0066
339,0.0043,0.0018
339,0.0037,0.0020
340,0.0057,0.0026
340,0.0032,0.0005
340,0.0047,0.0066
340,0.0030,0.0064
341,0.0058,0.0042
341,0.0022,0.0042
341,0.0047,0.0029
341,0.0048,0.0026
341,0.0031,0.0018
342,0.0032,0.0015
342,0.0044,-0.0003
342,0.0038,0.0046
342,0.0062,0.0071
342,0.0052,0.0056
343,0.0040,0.0059
343,0.0027,0.0050
343,0.0038,0.0068
343,0.0022,0.0035
344,0.0046,0.0065
344,0.0031,0.0014
344,0.0052,0.0060
344,0.0017,0.0033
344,0.0059,0.0031
345,0.0055,0.0067
345,0.0048,0.0080
345,0.0022,0.0023
345,0.0046,0.0068
345,0.0051,0.0045
346,0.0039,0.0014
346,0.0061,0.0042
346,0.0041,0.0061
346,0.0053,0.0013
347,0.0059,0.0018
347,0.0034,0.0050
347,0.0009,0.0029
347,0.0036,0.0004
347,0.0054,0.0069
348,0.0055,0.0029
348,0.0059,0.0045
348,0.0066,0.0027
348,0.0054,0.0077
348,0.0032,0.0021
349,0.0055,0.0036
349,0.0049,0.0029
349,0.0044,0.0061
349,0.0020,0.0011
349,0.0049,0.0058
350,0.0043,0.0042
350,0.0043,0.0036
350,0.0028,0.0027
350,0.0038,0.0043
351,0.0061,0.0051
351,0.0057,0.0038
351,0.0009,0.0029
351,0.0049,0.0040
351,0.0053,0.0029
352,0.0053,0.0012
352,0.0031,0.0038
352,0.0025,0.0030
352,0.0061,0.0035
352,0.0054,0.0048
353,0.0046,0.0048
353,0.0048,0.0069
353,0.0021,0.0055
353,0.0043,0.0063
354,0.0064,0.0055
354,0.0042,0.0034
354,0.0025,0.0033
354,0.0064,0.0036
354,0.0014,0.0040
355,0.0043,0.0003
355,0.0042,0.0040
355,0.0049,0.0034
355,0.0043,0.0028
355,0.0044,0.0066
356,0.0024,0.0039
356,0.0055,0.0061
356,0.0076,0.0075
356,0.0044,0.0022
357,0.0048,0.0075
357,0.0064,0.0061
357,0.0062,0.0067
357,0.0030,0.0044
357,0.0036,0.0021
358,0.0098,0.0051
358,0.0029,0.0025
358,0.0046,0.0038
358,0.0030,0.0055
358,0.0089,0.0063
359,0.0059,0.0087
359,0.0063,0.0057
359,0.0021,0.0038
359,0.0057,0.0021
360,0.0048,0.0043
360,0.0073,0.0054
360,0.0056,0.0039
360,0.0071,0.0068
360,0.0041,0.0063
361,0.0029,0.0057
361,-0.0001,0.0045
361,0.0073,0.0046
361,0.0044,0.0046
362,0.0038,0.0053
362,0.0068,0.0023
362,0.0032,0.0046
362,0.0022,0.0025
362,0.0030,0.0027
363,0.0058,0.0043
363,0.0034,0.0026
363,0.0060,0.0040
363,0.0037,0.0057
363,0.0049,0.0041
364,0.0052,0.0063
364,0.0045,0.0017
364,0.0042,0.0049
364,0.0071,0.0072
365,0.0047,0.0044
365,0.0034,0.0036
365,0.0054,0.0035
365,0.0054,0.0046
365,0.0077,0.0053
366,0.0004,0.0028
366,0.0049,0.0078
366,0.0028,0.0067
366,0.0032,0.0012
366,0.0029,0.0032
367,0.0033,0.0036
367,0.0047,0.0030
367,0.0023,0.0015
367,0.0058,0.0031
368,0.0060,0.0031
368,0.0026,0.0035
368,0.0051,0.0048
368,0.0043,0.0021
368,0.0061,0.0038
369,0.0013,0.0001
369,0.0050,0.0041
369,0.0032,0.0019
369,0.0059,0.0023
369,0.0056,0.0046
370,0.0046,0.0045
370,0.0051,0.0015
370,0.0039,0.0013
370,0.0015,0.0005
371,0.0038,0.0066
371,0.0053,0.0034
371,0.0045,0.0045
371,0.0028,0.0051
371,0.0045,0.0069
372,0.0035,0.0060
372,0.0040,0.0017
372,0.0048,0.0023
372,0.0044,0.0040
372,0.0014,0.0039
373,0.0046,0.0032
373,0.0055,0.0047
373,0.0072,0.0075
373,0.0046,0.0033
374,0.0050,0.0060
374,0.0032,0.0003
374,0.0057,0.0070
374,0.0028,0.0015
374,0.0048,0.0060
375,0.0043,0.0048
375,0.0064,0.0072
375,0.0052,0.0048
375,0.0052,0.0040
375,0.0048,0.0085
376,0.0097,0.0050
376,0.0059,0.0045
376,0.0047,0.0027
376,0.0049,0.0058
377,0.0068,0.0042
377,0.0057,0.0046
377,0.0086,0.0096
377,0.0055,0.0054
377,0.0045,0.0050
378,0.0030,0.0051
378,0.0061,0.0049
378,0.0035,0.0033
378,0.0041,0.0066
379,0.0030,0.0034
379,0.0054,0.0068
379,0.0070,0.0067
379,0.0050,0.0086
379,0.0028,0.0002
380,0.0070,0.0025
380,0.0037,0.0031
380,0.0063,0.0091
380,0.0039,0.0023
380,0.0061,0.0032
381,0.0074,0.0029
381,0.0023,0.0034
381,0.0045,0.0035
381,0.0048,0.0059
382,0.0046,0.0013
382,0.0073,0.0018
382,0.0030,0.0043
382,0.0055,0.0053
382,0.0032,0.0055
383,0.0069,0.0058
383,0.0052,0.0066
383,0.0065,0.0006
383,0.0055,0.0071
383,0.0075,0.0087
384,0.0047,0.0039
384,0.0049,0.0054
384,0.0052,0.0027
384,0.0055,0.0046
385,0.0052,0.0023
385,0.0037,0.0024
385,0.0045,0.0047
385,0.0038,0.0060
385,0.0056,0.0037
386,0.0041,0.0087
386,0.0094,0.0053
386,0.0067,0.0039
386,0.0057,0.0029
387,0.0060,0.0057
387,0.0061,0.0057
387,0.0074,0.0046
387,0.0042,0.0024
387,0.0052,0.0074
388,0.0065,0.0070
388,0.0049,0.0051
388,0.0057,0.0058
388,0.0067,0.0037
388,0.0065,0.0036
389,0.0064,0.0044
389,0.0070,0.0075
389,0.0083,0.0023
389,0.0070,0.0026
390,0.0074,0.0106
390,0.0061,0.0035
390,0.0083,0.0074
390,0.0064,0.0048
390,0.0059,0.0079
391,0.0060,0.0056
391,0.0063,0.0092
391,0.0044,0.0041
391,0.0077,0.0090
392,0.0063,0.0070
392,0.0066,0.0051
392,0.0037,0.0050
392,0.0085,0.0054
392,0.0057,0.0066
393,0.0081,0.0096
393,0.0061,0.0063
393,0.0079,0.0068
393,0.0043,0.0055
393,0.0088,0.0064
394,0.0055,0.0027
394,0.0083,0.0056
394,0.0080,0.0078
394,0.0118,0.0077
395,0.0080,0.0060
395,0.0079,0.0081
395,0.0025,0.0027
395,0.0059,0.0048
395,0.0041,0.0063
396,0.0077,0.0057
396,0.0068,0.0047
396,0.0077,0.0032
396,0.0042,0.0051
396,0.0085,0.0101
397,0.0070,0.0049
397,0.0074,0.0041
397,0.0049,0.0044
397,0.0090,0.0047
398,0.0059,0.0003
398,0.0072,0.0047
398,0.0050,0.0053
398,0.0070,0.0057
398,0.0081,0.0054
399,0.0077,0.0048
399,0.0062,0.0071
399,0.0075,0.0058
399,0.0049,0.0072
400,0.0078,0.0090
400,0.0068,0.0036
400,0.0077,0.0059
400,0.0085,0.0051
400,0.0091,0.0058
401,0.0078,0.0051
401,0.0077,0.0094
401,0.0102,0.0049
401,0.0115,0.0086
401,0.0073,0.0058
402,0.0085,0.0081
402,0.0038,0.0060
402,0.0080,0.0107
402,0.0070,0.0083
403,0.0103,0.0072
403,0.0067,0.0047
403,0.0102,0.0077
403,0.0096,0.0047
403,0.0102,0.0089
404,0.0078,0.0062
404,0.0105,0.0047
404,0.0076,0.0083
404,0.0086,0.0116
405,0.0101,0.0087
405,0.0086,0.0112
405,0.0070,0.0063
405,0.0107,0.0072
405,0.0071,0.0083
406,0.0091,0.0084
406,0.0088,0.0096
406,0.0119,0.0114
406,0.0068,0.0072
407,0.0089,0.0047
407,0.0091,0.0066
407,0.0097,0.0097
407,0.0108,0.0087
407,0.0094,0.0075
408,0.0089,0.0065
408,0.0099,0.0076
408,0.0104,0.0076
408,0.0105,0.0078
408,0.0091,0.0078
409,0.0120,0.0080
409,0.0093,0.0080
409,0.0076,0.0070
409,0.0103,0.0120
410,0.0055,0.0045
410,0.0122,0.0083
410,0.0098,0.0106
410,0.0107,0.0113
410,0.0104,0.0122
411,0.0074,0.0071
411,0.0106,0.0088
411,0.0073,0.0062
411,0.0100,0.0076
412,0.0092,0.0069
412,0.0119,0.0076
412,0.0088,0.0078
412,0.0088,0.0117
412,0.0105,0.0087
413,0.0131,0.0095
413,0.0091,0.0101
413,0.0101,0.0094
413,0.0106,0.0101
413,0.0085,0.0083
414,0.0120,0.0090
414,0.0093,0.0072
414,0.0102,0.0082
414,0.0084,0.0077
415,0.0199,0.0259
415,0.0098,0.0075
415,0.0108,0.0109
415,0.0091,0.0082
415,0.0101,0.0078
416,0.0101,0.0085
416,0.0134,0.0117
416,0.0092,0.0069
416,0.0107,0.0092
417,0.0084,0.0138
417,0.0135,0.0132
417,0.0114,0.0095
417,0.0096,0.0137
417,0.0123,0.0071
418,0.0183,0.0235
418,0.0089,0.0092
418,0.0148,0.0123
418,0.0108,0.0084
419,0.0143,0.0147
419,0.0102,0.0103
419,0.0115,0.0090
419,0.0088,0.0101
419,0.0115,0.0127
420,0.0144,0.0087
420,0.0125,0.0083
420,0.0107,0.0106
420,0.0129,0.0129
420,0.0130,0.0107
421,0.0158,0.0157
421,0.0128,0.0132
421,0.0161,0.0146
421,0.0081,0.0086
422,0.0140,0.0111
422,0.0138,0.0130
422,0.0146,0.0087
422,0.0113,0.0068
422,0.0158,0.0146
423,0.0123,0.0107
423,0.0155,0.0110
423,0.0123,0.0125
423,0.0149,0.0133
424,0.0117,0.0106
424,0.0101,0.0115
424,0.0124,0.0127
424,0.0146,0.0127
424,0.0121,0.0119
425,0.0138,0.0129
425,0.0147,0.0132
425,0.0102,0.0138
425,0.0118,0.0114
426,0.0176,0.0129
426,0.0125,0.0126
426,0.0150,0.0104
426,0.0156,0.0133
426,0.0131,0.0109
427,0.0127,0.0111
427,0.0160,0.0147
427,0.0158,0.0110
427,0.0159,0.0161
427,0.0114,0.0121
428,0.0186,0.0147
428,0.0142,0.0125
428,0.0150,0.0155
428,0.0137,0.0112
429,0.0164,0.0104
429,0.0146,0.0157
429,0.0170,0.0122
429,0.0177,0.0146
429,0.0170,0.0130
430,0.0146,0.0140
430,0.0181,0.0173
430,0.0137,0.0138
430,0.0136,0.0137
431,0.0174,0.0135
431,0.0193,0.0166
431,0.0123,0.0166
431,0.0191,0.0176
431,0.0149,0.0188
432,0.0170,0.0175
432,0.0188,0.0128
432,0.0184,0.0180
432,0.0151,0.0106
433,0.0186,0.0172
433,0.0194,0.0163
433,0.0168,0.0141
433,0.0160,0.0158
433,0.0200,0.0178
434,0.0175,0.0133
434,0.0150,0.0151
434,0.0153,0.0155
434,0.0209,0.0185
435,0.0177,0.0169
435,0.0199,0.0151
435,0.0191,0.0176
435,0.0190,0.0184
435,0.0217,0.0184
436,0.0205,0.0163
436,0.0166,0.0173
436,0.0202,0.0207
436,0.0223,0.0207
436,0.0165,0.0189
437,0.0203,0.0182
437,0.0202,0.0175
437,0.0206,0.0205
437,0.0242,0.0185
438,0.0218,0.0161
438,0.0210,0.0194
438,0.0218,0.0193
438,0.0206,0.0200
438,0.0162,0.0183
439,0.0226,0.0206
439,0.0243,0.0194
439,0.0207,0.0169
439,0.0210,0.0186
440,0.0213,0.0172
440,0.0244,0.0208
440,0.0234,0.0206
440,0.0218,0.0195
440,0.0253,0.0214
441,0.0212,0.0200
441,0.0255,0.0205
441,0.0222,0.0165
441,0.0248,0.0227
442,0.0218,0.0200
442,0.0218,0.0188
442,0.0241,0.0197
442,0.0215,0.0230
442,0.0250,0.0217
443,0.0270,0.0256
443,0.0226,0.0173
443,0.0245,0.0217
443,0.0230,0.0209
444,0.0245,0.0212
444,0.0235,0.0262
444,0.0252,0.0205
444,0.0232,0.0224
444,0.0242,0.0233
445,0.0227,0.0218
445,0.0238,0.0236
445,0.0271,0.0221
445,0.0268,0.0251
446,0.0245,0.0224
446,0.0238,0.0191
446,0.0269,0.0251
446,0.0271,0.0220
446,0.0222,0.0260
447,0.0262,0.0217
447,0.0292,0.0229
447,0.0263,0.0270
447,0.0281,0.0265
447,0.0241,0.0231
448,0.0241,0.0253
448,0.0250,0.0260
448,0.0268,0.0244
448,0.0248,0.0240
449,0.0241,0.0223
449,0.0276,0.0243
449,0.0287,0.0244
449,0.0288,0.0277
449,0.0272,0.0238
450,0.0305,0.0229
450,0.0297,0.0292
450,0.0301,0.0281
450,0.0302,0.0259
451,0.0338,0.0294
451,0.0286,0.0264
451,0.0301,0.0262
451,0.0310,0.0287
451,0.0310,0.0337
452,0.0280,0.0258
452,0.0314,0.0310
452,0.0300,0.0285
452,0.0267,0.0267
453,0.0322,0.0306
453,0.0304,0.0274
453,0.0327,0.0301
453,0.0328,0.0336
453,0.0317,0.0290
454,0.0305,0.0264
454,0.0318,0.0291
454,0.0328,0.0305
454,0.0338,0.0317
455,0.0326,0.0273
455,0.0351,0.0315
455,0.0376,0.0296
455,0.0324,0.0328
455,0.0359,0.0270
456,0.0343,0.0292
456,0.0358,0.0315
456,0.0362,0.0319
456,0.0379,0.0362
457,0.0336,0.0333
457,0.0370,0.0322
457,0.0366,0.0330
457,0.0364,0.0311
457,0.0354,0.0350
458,0.0367,0.0347
458,0.0358,0.0336
458,0.0377,0.0367
458,0.0376,0.0359
459,0.0423,0.0336
459,0.0387,0.0339
459,0.0330,0.0366
459,0.0381,0.0353
459,0.0386,0.0332
460,0.0382,0.0330
460,0.0370,0.0321
460,0.0379,0.0353
460,0.0361,0.0364
461,0.0385,0.0349
461,0.0391,0.0382
461,0.0413,0.0312
461,0.0350,0.0364
461,0.0391,0.0352
462,0.0444,0.0340
462,0.0376,0.0347
462,0.0426,0.0414
462,0.0429,0.0377
463,0.0401,0.0394
463,0.0427,0.0389
463,0.0392,0.0369
463,0.0441,0.0428
463,0.0438,0.0384
464,0.0432,0.0377
464,0.0415,0.0388
464,0.0463,0.0419
464,0.0401,0.0365
465,0.0455,0.0413
465,0.0416,0.0360
465,0.0456,0.0445
465,0.0438,0.0381
465,0.0473,0.0376
466,0.0439,0.0422
466,0.0432,0.0419
466,0.0447,0.0419
466,0.0498,0.0468
467,0.0479,0.0407
467,0.0488,0.0439
467,0.0425,0.0427
467,0.0475,0.0444
467,0.0443,0.0442
468,0.0473,0.0487
468,0.0509,0.0418
468,0.0533,0.0502
468,0.0500,0.0455
468,0.0505,0.0421
469,0.0483,0.0430
469,0.0516,0.0455
469,0.0539,0.0472
469,0.0556,0.0470
470,0.0511,0.0472
470,0.0497,0.0488
470,0.0540,0.0484
470,0.0497,0.0472
470,0.0533,0.0467
471,0.0529,0.0464
471,0.0507,0.0468
471,0.0530,0.0514
471,0.0520,0.0451
472,0.0542,0.0479
472,0.0548,0.0481
472,0.0550,0.0460
472,0.0534,0.0409
472,0.0522,0.0488
473,0.0543,0.0487
473,0.0585,0.0500
473,0.0560,0.0543
473,0.0549,0.0512
474,0.0602,0.0519
474,0.0587,0.0508
474,0.0578,0.0541
474,0.0585,0.0574
474,0.0551,0.0477
475,0.0600,0.0527
475,0.0573,0.0526
475,0.0591,0.0553
475,0.0554,0.0520
476,0.0619,0.0523
476,0.0612,0.0531
476,0.0590,0.0559
476,0.0601,0.0551
476,0.0601,0.0570
477,0.0613,0.0546
477,0.0613,0.0535
477,0.0622,0.0568
477,0.0591,0.0554
478,0.0641,0.0576
478,0.0592,0.0576
478,0.0627,0.0560
478,0.0628,0.0582
478,0.0627,0.0618
479,0.0670,0.0605
479,0.0630,0.0612
479,0.0646,0.0611
479,0.0630,0.0632
480,0.0646,0.0646
480,0.0680,0.0628
480,0.0646,0.0614
480,0.0661,0.0629
480,0.0672,0.0596
481,0.0648,0.0666
481,0.0677,0.0611
481,0.0715,0.0617
481,0.0698,0.0619
482,0.0654,0.0622
482,0.0738,0.0653
482,0.0684,0.0659
482,0.0698,0.0626
482,0.0705,0.0639
483,0.0737,0.0637
483,0.0731,0.0664
483,0.0704,0.0656
483,0.0727,0.0697
484,0.0759,0.0699
484,0.0766,0.0720
484,0.0746,0.0692
484,0.0750,0.0735
484,0.0796,0.0748
485,0.0725,0.0683
485,0.0764,0.0701
485,0.0774,0.0742
485,0.0774,0.0727
486,0.0773,0.0709
486,0.0810,0.0715
486,0.0797,0.0772
486,0.0778,0.0685
487,0.0804,0.0706
487,0.0828,0.0764
487,0.0824,0.0780
487,0.0808,0.0757
487,0.0855,0.0761
488,0.0814,0.0759
488,0.0855,0.0753
488,0.0851,0.0744
488,0.0864,0.0753
489,0.0851,0.0761
489,0.0793,0.0805
489,0.0848,0.0754
489,0.0832,0.0769
489,0.0876,0.0792
490,0.0887,0.0783
490,0.0887,0.0849
490,0.0917,0.0817
490,0.0853,0.0851
491,0.0902,0.0806
491,0.0889,0.0857
491,0.0904,0.0805
491,0.0905,0.0861
491,0.0874,0.0826
492,0.0879,0.0843
492,0.0917,0.0861
492,0.0914,0.0843
492,0.0941,0.0840
493,0.0944,0.0855
493,0.0928,0.0867
493,0.0926,0.0871
493,0.0922,0.0869
493,0.0963,0.0893
494,0.0951,0.0879
494,0.0978,0.0872
494,0.0929,0.0881
494,0.0924,0.0865
495,0.1038,0.0900
495,0.1011,0.0879
495,0.0979,0.0921
495,0.1011,0.0922
495,0.0917,0.0913
496,0.0964,0.0921
496,0.1002,0.0911
496,0.0969,0.0898
496,0.1004,0.0919
497,0.0991,0.0904
497,0.1020,0.0880
497,0.1016,0.0946
497,0.1068,0.0927
497,0.1034,0.0975
498,0.1031,0.0979
498,0.1086,0.0957
498,0.1010,0.0978
498,0.1019,0.0961
499,0.1074,0.0999
499,0.1034,0.0954
499,0.1075,0.1001
499,0.1095,0.1012
499,0.1007,0.1025
500,0.1067,0.1037
500,0.1092,0.1025
500,0.1086,0.1023
500,0.1085,0.1026
501,0.1097,0.1027
501,0.1090,0.0993
501,0.1177,0.0982
501,0.1112,0.0999
501,0.1091,0.1013
502,0.1072,0.1067
502,0.1156,0.1056
502,0.1120,0.1055
502,0.1131,0.1041
503,0.1182,0.1035
503,0.1168,0.1041
503,0.1158,0.1059
503,0.1193,0.1078
503,0.1179,0.1116
504,0.1151,0.1115
504,0.1145,0.1057
504,0.1182,0.1091
504,0.1168,0.1107
505,0.1190,0.1116
505,0.1224,0.1069
505,0.1203,0.1096
505,0.1221,0.1112
505,0.1227,0.1103
506,0.1259,0.1169
506,0.1242,0.1132
506,0.1212,0.1166
506,0.1273,0.1145
507,0.1223,0.1153
507,0.1232,0.1176
507,0.1262,0.1180
507,0.1272,0.1180
508,0.1251,0.1176
508,0.1256,0.1220
508,0.1267,0.1190
508,0.1282,0.1250
508,0.1313,0.1207
509,0.1282,0.1204
509,0.1297,0.1216
509,0.1316,0.1227
509,0.1310,0.1190
510,0.1334,0.1211
510,0.1356,0.1243
510,0.1367,0.1276
510,0.1329,0.1247
510,0.1334,0.1236
511,0.1350,0.1264
511,0.1400,0.1287
511,0.1335,0.1257
511,0.1370,0.1314
512,0.1374,0.1318
512,0.1386,0.1326
512,0.1401,0.1285
512,0.1418,0.1293
512,0.1386,0.1330
513,0.1482,0.1352
513,0.1497,0.1331
513,0.1432,0.1325
513,0.1462,0.1328
514,0.1435,0.1395
514,0.1480,0.1325
514,0.1471,0.1362
514,0.1538,0.1396
514,0.1527,0.1377
515,0.1554,0.1445
515,0.1513,0.1382
515,0.1509,0.1405
515,0.1566,0.1423
516,0.1549,0.1417
516,0.1548,0.1471
516,0.1591,0.1427
516,0.1615,0.1476
516,0.1598,0.1457
517,0.1622,0.1482
517,0.1600,0.1475
517,0.1608,0.1481
517,0.1604,0.1554
518,0.1613,0.1512
518,0.1606,0.1522
518,0.1653,0.1568
518,0.1655,0.1488
519,0.1621,0.1563
519,0.1654,0.1534
519,0.1694,0.1528
519,0.1633,0.1527
519,0.1628,0.1519
520,0.1691,0.1571
520,0.1645,0.1481
520,0.1692,0.1566
520,0.1719,0.1548
521,0.1714,0.1482
521,0.1703,0.1610
521,0.1706,0.1572
521,0.1735,0.1587
521,0.1697,0.1552
522,0.1677,0.1591
522,0.1674,0.1593
522,0.1723,0.1591
522,0.1675,0.1572
523,0.1707,0.1557
523,0.1765,0.1654
523,0.1711,0.1603
523,0.1715,0.1609
523,0.1733,0.1647
524,0.1727,0.1588
524,0.1750,0.1659
524,0.1773,0.1595
524,0.1773,0.1664
525,0.1725,0.1620
525,0.1768,0.1605
525,0.1798,0.1672
525,0.1765,0.1673
525,0.1752,0.1677
526,0.1783,0.1661
526,0.1844,0.1679
526,0.1789,0.1629
526,0.1833,0.1700
527,0.1810,0.1650
527,0.1786,0.1663
527,0.1775,0.1673
527,0.1803,0.1629
528,0.1787,0.1680
528,0.1837,0.1735
528,0.1873,0.1691
528,0.1813,0.1688
528,0.1813,0.1708
529,0.1848,0.1704
529,0.1825,0.1684
529,0.1834,0.1769
529,0.1888,0.1697
530,0.1866,0.1752
530,0.1828,0.1691
530,0.1839,0.1771
530,0.1873,0.1741
530,0.1935,0.1728
531,0.1813,0.1733
531,0.1902,0.1741
531,0.1875,0.1734
531,0.1878,0.1791
532,0.1864,0.1787
532,0.1959,0.1765
532,0.1875,0.1757
532,0.1946,0.1833
532,0.1934,0.1765
533,0.1894,0.1795
533,0.1917,0.1777
533,0.1957,0.1789
533,0.1999,0.1856
534,0.1916,0.1822
534,0.1968,0.1763
534,0.1975,0.1805
534,0.1966,0.1824
534,0.1992,0.1833
535,0.1932,0.1856
535,0.1937,0.1852
535,0.1993,0.1846
535,0.1992,0.1851
536,0.1991,0.1935
536,0.2011,0.1876
536,0.1973,0.1902
536,0.2069,0.1904
537,0.2052,0.1918
537,0.2040,0.1930
537,0.2105,0.1823
537,0.2116,0.1913
537,0.2096,0.1946
538,0.2082,0.1949
538,0.2091,0.1984
538,0.2055,0.2034
538,0.2046,0.1919
539,0.2072,0.1952
539,0.2160,0.1990
539,0.2097,0.2014
539,0.2188,0.2012
539,0.2165,0.2006
540,0.2176,0.2006
540,0.2182,0.1975
540,0.2193,0.2040
540,0.2183,0.2068
541,0.2226,0.2058
541,0.2185,0.2028
541,0.2235,0.2047
541,0.2181,0.2023
541,0.2241,0.2121
542,0.2247,0.2064
542,0.2237,0.2131
542,0.2242,0.2065
542,0.2312,0.2124
543,0.2270,0.2130
543,0.2292,0.2164
543,0.2313,0.2139
543,0.2260,0.2158
544,0.2306,0.2177
544,0.2271,0.2198
544,0.2329,0.2200
544,0.2356,0.2139
544,0.2370,0.2214
545,0.2343,0.2204
545,0.2345,0.2197
545,0.2422,0.2188
545,0.2384,0.2211
546,0.2360,0.2200
546,0.2419,0.2250
546,0.2374,0.2239
546,0.2457,0.2198
546,0.2395,0.2245
547,0.2420,0.2288
547,0.2437,0.2317
547,0.2476,0.2297
547,0.2443,0.2327
548,0.2562,0.2344
548,0.2538,0.2345
548,0.2538,0.2311
548,0.2547,0.2512
549,0.2530,0.2339
549,0.2560,0.2334
549,0.2574,0.2474
549,0.2539,0.2419
549,0.2621,0.2417
550,0.2660,0.2397
550,0.2559,0.2406
550,0.2619,0.2415
550,0.2664,0.2482
551,0.2701,0.2481
551,0.2667,0.2462
551,0.2718,0.2466
551,0.2648,0.2474
551,0.2759,0.2458
552,0.2722,0.2545
552,0.2727,0.2526
552,0.2724,0.2553
552,0.2750,0.2498
553,0.2743,0.2586
553,0.2801,0.2498
553,0.2787,0.2558
553,0.2768,0.2493
553,0.2811,0.2563
554,0.2786,0.2651
554,0.2834,0.2616
554,0.2745,0.2637
554,0.2844,0.2647
555,0.2853,0.2660
555,0.2861,0.2698
555,0.2881,0.2711
555,0.2902,0.2603
556,0.2837,0.2737
556,0.2930,0.2732
556,0.2932,0.2650
556,0.2901,0.2756
556,0.2981,0.2701
557,0.2956,0.2771
557,0.2940,0.2741
557,0.2984,0.2754
557,0.2914,0.2738
558,0.3045,0.2837
558,0.2977,0.2822
558,0.3013,0.2788
558,0.3039,0.2821
558,0.3061,0.2806
559,0.3037,0.2779
559,0.3004,0.2809
559,0.3084,0.2804
559,0.3131,0.2841
560,0.3109,0.2882
560,0.3095,0.2838
560,0.3092,0.2879
560,0.3119,0.2974
561,0.3110,0.2869
561,0.3168,0.2906
561,0.3132,0.2969
561,0.3142,0.2956
561,0.3084,0.2885
562,0.3158,0.2945
562,0.3220,0.2992
562,0.3172,0.2924
562,0.3213,0.3007
563,0.3211,0.2951
563,0.3166,0.2987
563,0.3232,0.2911
563,0.3270,0.2947
563,0.3245,0.3007
564,0.3272,0.3051
564,0.3293,0.2968
564,0.3234,0.2987
564,0.3292,0.3037
565,0.3264,0.3034
565,0.3259,0.3064
565,0.3306,0.3040
565,0.3296,0.3079
566,0.3315,0.3154
566,0.3317,0.3096
566,0.3314,0.3126
566,0.3336,0.3087
566,0.3394,0.3094
567,0.3361,0.3106
567,0.3317,0.3085
567,0.3417,0.3183
567,0.3390,0.3143
568,0.3392,0.3135
568,0.3383,0.3105
568,0.3417,0.3160
568,0.3374,0.3220
568,0.3468,0.3283
569,0.3509,0.3174
569,0.3457,0.3179
569,0.3483,0.3172
569,0.3484,0.3218
570,0.3456,0.3228
570,0.3489,0.3260
570,0.3495,0.3283
570,0.3500,0.3278
571,0.3518,0.3262
571,0.3502,0.3249
571,0.3527,0.3250
571,0.3486,0.3260
571,0.3504,0.3296
572,0.3571,0.3272
572,0.3552,0.3299
572,0.3571,0.3248
572,0.3604,0.3292
573,0.3545,0.3282
573,0.3607,0.3380
573,0.3617,0.3341
573,0.3636,0.3378
573,0.3640,0.3371
574,0.3610,0.3412
574,0.3668,0.3402
574,0.3697,0.3432
574,0.3662,0.3428
575,0.3659,0.3384
575,0.3691,0.3374
575,0.3647,0.3460
575,0.3702,0.3414
576,0.3654,0.3483
576,0.3711,0.3464
576,0.3736,0.3392
576,0.3753,0.3497
576,0.3736,0.3512
577,0.3712,0.3563
577,0.3774,0.3467
577,0.3764,0.3512
577,0.3720,0.3504
578,0.3821,0.3525
578,0.3794,0.3518
578,0.3795,0.3580
578,0.3782,0.3606
578,0.3843,0.3587
579,0.3883,0.3551
579,0.3840,0.3574
579,0.3874,0.3573
579,0.3930,0.3569
580,0.3912,0.3618
580,0.3899,0.3660
580,0.3966,0.3678
580,0.4006,0.3671
581,0.3961,0.3727
581,0.3913,0.3643
581,0.3980,0.3758
581,0.4040,0.3702
581,0.3954,0.3740
582,0.4001,0.3724
582,0.3989,0.3681
582,0.4011,0.3757
582,0.4047,0.3779
583,0.4046,0.3744
583,0.4054,0.3793
583,0.4063,0.3773
583,0.4083,0.3807
584,0.4176,0.3740
584,0.4088,0.3813
584,0.4150,0.3829
584,0.4131,0.3832
584,0.4146,0.3864
585,0.4211,0.3874
585,0.4138,0.3936
585,0.4126,0.3891
585,0.4161,0.3937
586,0.4118,0.3926
586,0.4182,0.3832
586,0.4179,0.3899
586,0.4280,0.3954
586,0.4278,0.3981
587,0.4227,0.3968
587,0.4250,0.3980
587,0.4289,0.4013
587,0.4326,0.4019
588,0.4274,0.4028
588,0.4265,0.3990
588,0.4335,0.4082
588,0.4369,0.4014
589,0.4373,0.4107
589,0.4349,0.4122
589,0.4406,0.4145
589,0.4456,0.4195
589,0.4405,0.4175
590,0.4375,0.4129
590,0.4473,0.4148
590,0.4452,0.4151
590,0.4470,0.4208
591,0.4486,0.4185
591,0.4549,0.4277
591,0.4476,0.4164
591,0.4549,0.4194
592,0.4480,0.4248
592,0.4606,0.4232
592,0.4626,0.4233
592,0.4591,0.4316
592,0.4579,0.4278
593,0.4548,0.4286
593,0.4641,0.4337
593,0.4627,0.4357
593,0.4585,0.4362
594,0.4675,0.4344
594,0.4682,0.4239
594,0.4726,0.4347
594,0.4615,0.4370
594,0.4703,0.4413
595,0.4716,0.4369
595,0.4738,0.4402
595,0.4711,0.4456
595,0.4769,0.4500
596,0.4786,0.4481
596,0.4785,0.4489
596,0.4758,0.4537
596,0.4770,0.4534
597,0.4823,0.4501
597,0.4844,0.4570
597,0.4848,0.4593
597,0.4868,0.4544
597,0.4925,0.4549
598,0.4993,0.4599
598,0.4911,0.4558
598,0.4863,0.4572
598,0.4896,0.4664
599,0.4985,0.4597
599,0.5003,0.4679
599,0.4923,0.4665
599,0.4970,0.4660
600,0.5003,0.4692
600,0.4987,0.4719
600,0.5055,0.4636
600,0.4996,0.4709
600,0.5096,0.4760
601,0.5069,0.4772
601,0.5104,0.4760
601,0.5078,0.4719
601,0.5045,0.4686
602,0.5078,0.4731
602,0.4986,0.4740
602,0.5077,0.4727
602,0.4992,0.4743
602,0.4934,0.4668
603,0.4881,0.4582
603,0.4862,0.4570
603,0.4687,0.4542
603,0.4735,0.4478
604,0.4695,0.4443
604,0.4715,0.4445
604,0.4735,0.4342
604,0.4600,0.4363
605,0.4568,0.4404
605,0.4563,0.4287
605,0.4487,0.4141
605,0.4438,0.4225
605,0.4373,0.4203
606,0.4350,0.4160
606,0.4397,0.4183
606,0.4399,0.4160
606,0.4387,0.4131
607,0.4326,0.4110
607,0.4292,0.4160
607,0.4397,0.4165
607,0.4442,0.4226
608,0.4444,0.4243
608,0.4498,0.4248
608,0.4567,0.4364
608,0.4663,0.4357
608,0.4718,0.4429
609,0.4806,0.4464
609,0.4800,0.4584
609,0.4895,0.4582
609,0.4907,0.4713
610,0.5097,0.4847
610,0.5032,0.4819
610,0.5149,0.4871
610,0.5145,0.4805
611,0.5257,0.4934
611,0.5223,0.5019
611,0.5332,0.5062
611,0.5428,0.5088
611,0.5379,0.5081
612,0.5407,0.5027
612,0.5467,0.5220
612,0.5514,0.5164
612,0.5455,0.5133
613,0.5549,0.5210
613,0.5456,0.5279
613,0.5537,0.5237
613,0.5508,0.5196
614,0.5561,0.5190
614,0.5490,0.5336
614,0.5511,0.5280
614,0.5506,0.5270
614,0.5495,0.5118
615,0.5504,0.5209
615,0.5470,0.5264
615,0.5447,0.5243
615,0.5407,0.5180
616,0.5543,0.5203
616,0.5416,0.5199
616,0.5434,0.5286
616,0.5419,0.5238
617,0.5489,0.5137
617,0.5560,0.5156
617,0.5578,0.5328
617,0.5541,0.5327
617,0.5576,0.5239
618,0.5610,0.5241
618,0.5629,0.5319
618,0.5571,0.5365
618,0.5549,0.5220
619,0.5622,0.5402
619,0.5679,0.5313
619,0.5610,0.5252
619,0.5689,0.5322
619,0.5596,0.5391
620,0.5638,0.5324
620,0.5584,0.5441
620,0.5661,0.5405
620,0.5687,0.5341
621,0.5635,0.5386
621,0.5720,0.5406
621,0.5693,0.5430
621,0.5714,0.5445
622,0.5714,0.5526
622,0.5823,0.5561
622,0.5823,0.5437
622,0.5819,0.5507
622,0.5818,0.5540
623,0.5797,0.5564
623,0.5915,0.5560
623,0.5706,0.5491
623,0.5853,0.5571
624,0.5894,0.5485
624,0.5879,0.5625
624,0.5916,0.5622
624,0.5987,0.5654
625,0.5905,0.5609
625,0.5899,0.5646
625,0.5911,0.5593
625,0.5916,0.5706
625,0.5922,0.5622
626,0.5993,0.5687
626,0.5970,0.5607
626,0.5973,0.5652
626,0.6031,0.5769
627,0.5998,0.5708
627,0.6001,0.5736
627,0.5989,0.5671
627,0.6026,0.5778
628,0.5977,0.5730
628,0.5998,0.5732
628,0.6068,0.5777
628,0.6073,0.5848
628,0.6121,0.5752
629,0.6083,0.5885
629,0.6173,0.5758
629,0.6112,0.5769
629,0.6016,0.5749
630,0.6132,0.5855
630,0.6191,0.5890
630,0.6173,0.5831
630,0.6109,0.5901
631,0.6213,0.5958
631,0.6237,0.5888
631,0.6163,0.5890
631,0.6180,0.5968
631,0.6206,0.5901
632,0.6287,0.5907
632,0.6264,0.5990
632,0.6268,0.6024
632,0.6317,0.5844
633,0.6293,0.5997
633,0.6292,0.5964
633,0.6302,0.6078
633,0.6345,0.6017
634,0.6291,0.6014
634,0.6382,0.6035
634,0.6370,0.6002
634,0.6340,0.6018
634,0.6358,0.6073
635,0.6391,0.6164
635,0.6437,0.5974
635,0.6357,0.6130
635,0.6453,0.6124
636,0.6540,0.6203
636,0.6503,0.6200
636,0.6352,0.6147
636,0.6479,0.6169
637,0.6517,0.6165
637,0.6520,0.6144
637,0.6455,0.6219
637,0.6497,0.6322
637,0.6543,0.6179
638,0.6517,0.6201
638,0.6541,0.6262
638,0.6491,0.6330
638,0.6540,0.6350
639,0.6553,0.6338
639,0.6619,0.6266
639,0.6607,0.6283
639,0.6605,0.6377
640,0.6688,0.6332
640,0.6682,0.6380
640,0.6747,0.6329
640,0.6745,0.6335
640,0.6722,0.6451
641,0.6775,0.6464
641,0.6657,0.6334
641,0.6750,0.6411
641,0.6782,0.6484
642,0.6712,0.6460
642,0.6792,0.6393
642,0.6772,0.6465
642,0.6824,0.6495
643,0.6863,0.6635
643,0.6772,0.6463
643,0.6944,0.6645
643,0.6925,0.6576
643,0.6797,0.6528
644,0.6939,0.6578
644,0.6936,0.6748
644,0.7128,0.6817
644,0.7114,0.6705
645,0.7018,0.6758
645,0.7010,0.6762
645,0.6961,0.6620
645,0.6834,0.6536
646,0.6975,0.6696
646,0.7038,0.6732
646,0.6886,0.6585
646,0.7062,0.6677
646,0.7076,0.6709
647,0.6971,0.6704
647,0.7025,0.6746
647,0.6958,0.6746
647,0.6943,0.6645
648,0.7154,0.6756
648,0.7015,0.6736
648,0.6936,0.6792
648,0.7033,0.6729
649,0.6979,0.6621
649,0.6925,0.6682
649,0.6974,0.6696
649,0.6989,0.6810
649,0.7013,0.6744
650,0.6965,0.6622
650,0.7104,0.6775
650,0.7012,0.6698
650,0.6883,0.6649
651,0.7098,0.6767
651,0.7062,0.6772
651,0.6941,0.6672
651,0.7020,0.6731
652,0.6794,0.6606
652,0.6940,0.6596
652,0.6909,0.6602
652,0.6868,0.6578
653,0.6948,0.6803
653,0.6872,0.6628
653,0.6792,0.6498
653,0.6780,0.6660
653,0.6812,0.6683
654,0.6937,0.6639
654,0.6918,0.6666
654,0.6930,0.6673
654,0.6866,0.6598
655,0.6873,0.6605
655,0.6776,0.6445
655,0.6912,0.6769
655,0.6868,0.6594
656,0.6763,0.6493
656,0.6743,0.6626
656,0.6874,0.6544
656,0.6830,0.6534
656,0.6766,0.6456
657,0.6763,0.6539
657,0.6772,0.6579
657,0.6790,0.6521
657,0.6891,0.6573
658,0.6867,0.6510
658,0.6784,0.6570
658,0.6838,0.6497
658,0.6837,0.6601
659,0.6861,0.6608
659,0.6882,0.6633
659,0.6797,0.6546
659,0.6769,0.6514
659,0.6855,0.6576
660,0.6895,0.6608
660,0.6812,0.6580
660,0.6755,0.6573
660,0.6832,0.6490
661,0.6849,0.6614
661,0.7020,0.6724
661,0.6875,0.6546
661,0.6769,0.6511
662,0.6871,0.6658
662,0.6880,0.6637
662,0.6909,0.6630
662,0.6836,0.6648
662,0.6846,0.6649
663,0.6977,0.6832
663,0.7007,0.6721
663,0.6845,0.6595
663,0.6953,0.6741
664,0.6838,0.6661
664,0.6798,0.6679
664,0.6881,0.6773
664,0.6932,0.6721
665,0.6877,0.6678
665,0.6876,0.6765
665,0.6973,0.6630
665,0.6896,0.6656
665,0.6925,0.6643
666,0.6898,0.6626
666,0.6896,0.6666
666,0.6964,0.6698
666,0.6964,0.6764
667,0.7029,0.6729
667,0.6909,0.6692
667,0.7043,0.6843
667,0.7061,0.6777
668,0.7046,0.6813
668,0.7035,0.6730
668,0.7000,0.6850
668,0.7000,0.6860
669,0.6972,0.6769
669,0.6916,0.6837
669,0.7060,0.6724
669,0.7137,0.6892
669,0.7047,0.6887
670,0.7130,0.6803
670,0.7078,0.6829
670,0.7056,0.6826
670,0.7165,0.6982
671,0.7174,0.6924
671,0.7166,0.6841
671,0.7115,0.6846
671,0.7153,0.6828
672,0.7169,0.6900
672,0.7154,0.6872
672,0.7067,0.6900
672,0.7272,0.7018
672,0.7174,0.6961
673,0.7130,0.6902
673,0.7180,0.6916
673,0.7230,0.6935
673,0.7291,0.6884
674,0.7333,0.7022
674,0.7177,0.7022
674,0.7292,0.7002
674,0.7282,0.7028
675,0.7257,0.7067
675,0.7327,0.7059
675,0.7340,0.7033
675,0.7314,0.7129
675,0.7416,0.7239
676,0.7426,0.7224
676,0.7371,0.7082
676,0.7373,0.7073
676,0.7478,0.7174
677,0.7419,0.7277
677,0.7371,0.7209
677,0.7413,0.7202
677,0.7472,0.7193
678,0.7469,0.7145
678,0.7605,0.7249
678,0.7555,0.7237
678,0.7550,0.7179
679,0.7467,0.7204
679,0.7509,0.7325
679,0.7532,0.7303
679,0.7552,0.7395
679,0.7493,0.7345
680,0.7578,0.7357
680,0.7500,0.7334
680,0.7607,0.7368
680,0.7657,0.7367
681,0.7552,0.7392
681,0.7649,0.7423
681,0.7688,0.7433
681,0.7618,0.7437
682,0.7660,0.7391
682,0.7655,0.7389
682,0.7753,0.7485
682,0.7611,0.7408
682,0.7730,0.7505
683,0.7623,0.7454
683,0.7739,0.7489
683,0.7679,0.7518
683,0.7729,0.7518
684,0.7817,0.7489
684,0.7786,0.7485
684,0.7743,0.7495
684,0.7862,0.7621
685,0.7731,0.7493
685,0.7830,0.7563
685,0.7747,0.7600
685,0.7768,0.7598
686,0.7791,0.7590
686,0.7797,0.7676
686,0.7829,0.7604
686,0.7754,0.7685
686,0.7824,0.7609
687,0.7877,0.7685
687,0.7861,0.7653
687,0.7905,0.7675
687,0.7944,0.7713
688,0.7965,0.7754
688,0.7847,0.7752
688,0.7920,0.7661
688,0.7882,0.7680
689,0.7930,0.7786
689,0.7832,0.7679
689,0.7956,0.7724
689,0.8023,0.7623
689,0.8080,0.7804
690,0.7968,0.7704
690,0.8039,0.7756
690,0.7920,0.7705
690,0.8052,0.7807
691,0.7950,0.7714
691,0.7976,0.7809
691,0.7968,0.7882
691,0.8124,0.7771
692,0.8002,0.7721
692,0.8049,0.7835
692,0.8085,0.7865
692,0.8080,0.7892
693,0.8001,0.7793
693,0.8064,0.7821
693,0.7968,0.7828
693,0.8073,0.7826
693,0.8152,0.7848
694,0.8119,0.7777
694,0.8095,0.7868
694,0.8137,0.7809
694,0.8081,0.7820
695,0.8118,0.7782
695,0.8157,0.7890
695,0.8081,0.7979
695,0.8116,0.7945
696,0.8094,0.7966
696,0.8078,0.7789
696,0.8088,0.8028
696,0.8069,0.7941
696,0.8154,0.7922
697,0.8085,0.7888
697,0.8103,0.7872
697,0.8140,0.7910
697,0.8071,0.7895
698,0.8115,0.7901
698,0.8157,0.7833
698,0.8180,0.7990
698,0.8085,0.7870
699,0.8262,0.8021
699,0.8152,0.7891
699,0.8201,0.7973
699,0.8266,0.7975
700,0.8206,0.7912
700,0.8200,0.7905
700,0.8292,0.8028
700,0.8098,0.7988
700,0.8195,0.8057
701,0.8197,0.7928
701,0.8207,0.8041
701,0.8190,0.8080
701,0.8341,0.8111
702,0.8228,0.8099
702,0.8467,0.8113
702,0.8370,0.8131
702,0.8375,0.8164
703,0.8355,0.8066
703,0.8304,0.8167
703,0.8279,0.8138
703,0.8390,0.8248
703,0.8448,0.8212
704,0.8503,0.8218
704,0.8443,0.8271
704,0.8555,0.8358
704,0.8520,0.8282
705,0.8622,0.8315
705,0.8523,0.8188
705,0.8482,0.8340
705,0.8612,0.8296
706,0.8671,0.8325
706,0.8592,0.8415
706,0.8508,0.8312
706,0.8590,0.8325
707,0.8588,0.8349
707,0.8485,0.8384
707,0.8569,0.8423
707,0.8633,0.8334
707,0.8687,0.8412
708,0.8692,0.8298
708,0.8622,0.8444
708,0.8683,0.8347
708,0.8680,0.8429
709,0.8649,0.8408
709,0.8713,0.8529
709,0.8723,0.8432
709,0.8636,0.8535
710,0.8742,0.8481
710,0.8784,0.8479
710,0.8746,0.8542
710,0.8820,0.8526
711,0.8658,0.8521
711,0.8698,0.8579
711,0.8704,0.8460
711,0.8763,0.8570
711,0.8787,0.8533
712,0.8756,0.8575
712,0.8739,0.8590
712,0.8904,0.8594
712,0.8803,0.8547
713,0.8852,0.8677
713,0.8838,0.8701
713,0.8806,0.8601
713,0.8841,0.8610
714,0.8907,0.8599
714,0.8873,0.8624
714,0.8756,0.8502
714,0.8800,0.8527
715,0.8940,0.8746
715,0.8861,0.8570
715,0.8879,0.8625
715,0.8841,0.8582
715,0.8861,0.8623
716,0.8757,0.8530
716,0.8915,0.8635
716,0.8895,0.8667
716,0.8875,0.8667
717,0.8764,0.8722
717,0.8914,0.8646
717,0.8851,0.8515
717,0.8815,0.8682
718,0.8814,0.8582
718,0.8833,0.8552
718,0.8811,0.8641
718,0.8742,0.8633
718,0.8871,0.8566
719,0.8833,0.8701
719,0.8806,0.8592
719,0.8862,0.8613
719,0.8865,0.8584
720,0.8809,0.8567
720,0.8796,0.8596
720,0.8965,0.8672
720,0.8802,0.8596
721,0.8776,0.8619
721,0.8924,0.8588
721,0.8791,0.8623
721,0.8898,0.8654
722,0.8861,0.8484
722,0.8764,0.8607
722,0.8835,0.8640
722,0.8790,0.8494
722,0.8810,0.8549
723,0.8788,0.8479
723,0.8707,0.8524
723,0.8709,0.8488
723,0.8800,0.8598
724,0.8759,0.8492
724,0.8859,0.8610
724,0.8731,0.8563
724,0.8724,0.8555
725,0.8756,0.8474
725,0.8809,0.8657
725,0.8750,0.8625
725,0.8645,0.8501
726,0.8740,0.8553
726,0.8674,0.8564
726,0.8671,0.8515
726,0.8710,0.8648
726,0.8780,0.8559
727,0.8649,0.8587
727,0.8808,0.8423
727,0.8716,0.8583
727,0.8885,0.8610
728,0.8876,0.8549
728,0.8777,0.8569
728,0.8835,0.8514
728,0.8806,0.8541
729,0.8979,0.8549
729,0.8728,0.8561
729,0.8744,0.8667
729,0.8730,0.8520
730,0.8784,0.8683
730,0.8715,0.8609
730,0.8831,0.8687
730,0.8773,0.8610
730,0.8890,0.8731
731,0.8806,0.8640
731,0.8759,0.8675
731,0.8726,0.8654
731,0.8808,0.8682
732,0.8940,0.8629
732,0.8931,0.8749
732,0.8853,0.8553
732,0.8943,0.8772
733,0.8952,0.8590
733,0.8924,0.8718
733,0.8857,0.8744
733,0.8922,0.8731
734,0.8776,0.8671
734,0.8867,0.8742
734,0.8889,0.8684
734,0.8979,0.8686
734,0.8792,0.8696
735,0.8921,0.8685
735,0.8880,0.8733
735,0.9089,0.8704
735,0.8894,0.8731
736,0.8936,0.8732
736,0.8845,0.8775
736,0.9042,0.8826
736,0.8934,0.8679
737,0.9005,0.8736
737,0.8946,0.8797
737,0.9004,0.8761
737,0.8954,0.8771
738,0.9033,0.8815
738,0.9030,0.8837
738,0.8992,0.8960
738,0.9048,0.8776
738,0.9127,0.8859
739,0.9092,0.8869
739,0.9041,0.8779
739,0.9029,0.8755
739,0.9198,0.8939
740,0.8925,0.8874
740,0.9078,0.8850
740,0.9014,0.8774
740,0.8989,0.8782
741,0.9018,0.8897
741,0.9100,0.8958
741,0.9025,0.8861
741,0.9181,0.8838
742,0.9121,0.8889
742,0.9028,0.8861
742,0.9029,0.8937
742,0.8919,0.9007
742,0.8961,0.8829
743,0.9094,0.8985
743,0.9011,0.8951
743,0.9129,0.8880
743,0.9003,0.8865
744,0.9107,0.8924
744,0.9218,0.8856
744,0.9125,0.8756
744,0.9015,0.8780
745,0.9069,0.8940
745,0.8946,0.8819
745,0.9167,0.8866
745,0.9055,0.8777
746,0.9081,0.8959
746,0.9063,0.8802
746,0.9092,0.8942
746,0.8892,0.8820
746,0.9113,0.8825
747,0.8983,0.8890
747,0.9024,0.8730
747,0.8908,0.8754
747,0.8968,0.8885
748,0.9032,0.8835
748,0.9012,0.8865
748,0.8940,0.8856
748,0.9015,0.8826
749,0.8985,0.8821
749,0.9016,0.8827
749,0.8922,0.8563
749,0.9027,0.8755
750,0.8911,0.8819
750,0.8912,0.8843
750,0.8820,0.8795
750,0.8976,0.8790
750,0.8956,0.8835
751,0.8926,0.8670
751,0.8888,0.8665
751,0.8886,0.8862
751,0.9011,0.8785
752,0.8901,0.8785
752,0.8887,0.8758
752,0.8833,0.8706
752,0.8909,0.8701
753,0.8947,0.8759
753,0.8883,0.8809
753,0.8891,0.8904
753,0.9010,0.8744
754,0.8945,0.8825
754,0.8938,0.8739
754,0.9006,0.8739
754,0.8803,0.8809
755,0.8899,0.8763
755,0.8863,0.8714
755,0.8894,0.8831
755,0.8925,0.8715
755,0.8964,0.8772
756,0.8840,0.8741
756,0.8955,0.8801
756,0.8983,0.8709
756,0.8864,0.8705
757,0.8908,0.8709
757,0.8841,0.8759
757,0.9052,0.8767
757,0.9057,0.8556
758,0.8935,0.8810
758,0.8843,0.8721
758,0.8955,0.8776
758,0.8961,0.8750
759,0.8983,0.8630
759,0.8917,0.8665
759,0.9043,0.8745
759,0.8848,0.8701
759,0.8932,0.8758
760,0.8911,0.8804
760,0.8938,0.8782
760,0.8916,0.8726
760,0.8964,0.8678
761,0.8846,0.8826
761,0.8931,0.8692
761,0.8871,0.8754
761,0.9044,0.8783
762,0.8796,0.8695
762,0.8893,0.8748
762,0.8871,0.8609
762,0.8900,0.8693
763,0.8770,0.8737
763,0.9005,0.8775
763,0.8941,0.8722
763,0.8943,0.8796
763,0.8871,0.8649
764,0.8982,0.8775
764,0.8902,0.8776
764,0.8902,0.8758
764,0.8830,0.8756
765,0.8850,0.8715
765,0.8849,0.8725
765,0.8885,0.8785
765,0.8982,0.8823
766,0.8982,0.8716
766,0.8929,0.8698
766,0.8928,0.8801
766,0.8872,0.8776
767,0.9020,0.8810
767,0.8861,0.8736
767,0.9051,0.8817
767,0.8920,0.8856
768,0.8925,0.8798
768,0.8940,0.8697
768,0.8978,0.8824
768,0.8852,0.8728
768,0.9032,0.8837
769,0.8958,0.8723
769,0.9100,0.8921
769,0.9006,0.8861
769,0.8904,0.8831
770,0.8852,0.8875
770,0.8993,0.8900
770,0.8937,0.8823
770,0.9015,0.8879
771,0.9002,0.8832
771,0.8998,0.8948
771,0.8918,0.8778
771,0.9109,0.8864
772,0.9075,0.8853
772,0.9010,0.8937
772,0.9033,0.8864
772,0.8981,0.8876
772,0.8941,0.8980
773,0.9015,0.8933
773,0.8938,0.8886
773,0.9127,0.8892
773,0.8991,0.8838
774,0.9149,0.8952
774,0.9023,0.8879
774,0.9074,0.8892
774,0.8965,0.8871
775,0.9044,0.8915
775,0.8922,0.8927
775,0.9086,0.8880
775,0.8923,0.8867
776,0.8967,0.8897
776,0.8947,0.8801
776,0.9031,0.8887
776,0.9017,0.8780
777,0.8981,0.8977
777,0.8942,0.8834
777,0.9054,0.8839
777,0.9005,0.8816
777,0.9002,0.8853
778,0.8998,0.8862
778,0.9024,0.8810
778,0.8905,0.8938
778,0.9022,0.8730
779,0.8960,0.8770
779,0.9048,0.8880
779,0.8923,0.8737
779,0.8999,0.8891
780,0.8886,0.8850
780,0.9007,0.8916
780,0.8913,0.8761
780,0.8927,0.8827
781,0.8931,0.8882
781,0.9006,0.8822
781,0.8828,0.8859
781,0.8821,0.8770
781,0.8886,0.8626
782,0.9024,0.8746
782,0.8917,0.8716
782,0.9032,0.8819
782,0.8833,0.8770
783,0.8861,0.8674
783,0.8825,0.8721
783,0.8812,0.8697
783,0.8881,0.8692
784,0.8883,0.8692
784,0.8753,0.8651
784,0.8886,0.8631
784,0.8865,0.8699
785,0.8820,0.8665
785,0.8870,0.8749
785,0.8847,0.8686
785,0.8769,0.8661
786,0.8895,0.8688
786,0.8781,0.8609
786,0.8864,0.8662
786,0.8844,0.8668
786,0.8850,0.8746
787,0.8824,0.8645
787,0.8795,0.8817
787,0.8765,0.8593
787,0.8856,0.8636
788,0.8776,0.8509
788,0.8803,0.8654
788,0.8747,0.8532
788,0.8729,0.8659
789,0.8771,0.8507
789,0.8818,0.8597
789,0.8765,0.8564
789,0.8727,0.8616
790,0.8683,0.8626
790,0.8729,0.8515
790,0.8697,0.8594
790,0.8784,0.8574
790,0.8711,0.8588
791,0.8800,0.8503
791,0.8640,0.8592
791,0.8739,0.8549
791,0.8718,0.8544
792,0.8758,0.8575
792,0.8620,0.8490
792,0.8683,0.8544
792,0.8721,0.8532
793,0.8684,0.8457
793,0.8578,0.8509
793,0.8697,0.8504
793,0.8745,0.8533
794,0.8726,0.8604
794,0.8706,0.8488
794,0.8670,0.8539
794,0.8686,0.8424
795,0.8714,0.8486
795,0.8551,0.8564
795,0.8623,0.8553
795,0.8637,0.8547
795,0.8769,0.8560
796,0.8680,0.8506
796,0.8552,0.8577
796,0.8626,0.8500
796,0.8662,0.8570
797,0.8614,0.8497
797,0.8662,0.8580
797,0.8649,0.8542
797,0.8649,0.8487
798,0.8624,0.8475
798,0.8581,0.8545
798,0.8649,0.8443
798,0.8713,0.8561
799,0.8623,0.8495
799,0.8629,0.8536
799,0.8636,0.8438
799,0.8644,0.8586
800,0.8606,0.8523
800,0.8683,0.8579
800,0.8537,0.8423
800,0.8566,0.8505
800,0.8739,0.8577
801,0.8628,0.8559
801,0.8563,0.8443
801,0.8603,0.8521
801,0.8491,0.8440
802,0.8736,0.8574
802,0.8537,0.8425
802,0.8602,0.8480
802,0.8494,0.8523
803,0.8592,0.8538
803,0.8505,0.8476
803,0.8666,0.8403
803,0.8606,0.8458
804,0.8569,0.8476
804,0.8577,0.8366
804,0.8553,0.8418
804,0.8481,0.8365
805,0.8626,0.8483
805,0.8560,0.8297
805,0.8585,0.8466
805,0.8570,0.8457
805,0.8580,0.8452
806,0.8578,0.8475
806,0.8473,0.8388
806,0.8623,0.8447
806,0.8529,0.8497
807,0.8534,0.8344
807,0.8530,0.8440
807,0.8601,0.8428
807,0.8474,0.8328
808,0.8426,0.8293
808,0.8556,0.8417
808,0.8578,0.8361
808,0.8608,0.8387
809,0.8538,0.8437
809,0.8475,0.8496
809,0.8436,0.8348
809,0.8541,0.8257
810,0.8517,0.8403
810,0.8364,0.8399
810,0.8375,0.8364
810,0.8483,0.8279
810,0.8478,0.8169
811,0.8476,0.8392
811,0.8348,0.8296
811,0.8354,0.8248
811,0.8467,0.8159
812,0.8441,0.8214
812,0.8426,0.8234
812,0.8354,0.8268
812,0.8280,0.8283
813,0.8404,0.8212
813,0.8292,0.8153
813,0.8340,0.8262
813,0.8324,0.8248
814,0.8380,0.8195
814,0.8273,0.8140
814,0.8303,0.8138
814,0.8333,0.8104
815,0.8263,0.8122
815,0.8177,0.8070
815,0.8338,0.8226
815,0.8184,0.8154
815,0.8247,0.7987
816,0.8201,0.8015
816,0.8196,0.7998
816,0.8168,0.7980
816,0.8173,0.7983
817,0.8231,0.8007
817,0.8127,0.7948
817,0.8142,0.7976
817,0.8068,0.7982
818,0.8106,0.7958
818,0.8073,0.7949
818,0.8086,0.7916
818,0.8032,0.7958
819,0.8102,0.7930
819,0.8008,0.7950
819,0.7989,0.8010
819,0.7967,0.7931
820,0.8016,0.7810
820,0.7985,0.7784
820,0.8025,0.7812
820,0.8004,0.7895
820,0.8048,0.7814
821,0.7861,0.7728
821,0.7987,0.7787
821,0.7912,0.7868
821,0.7907,0.7750
822,0.7817,0.7785
822,0.7879,0.7812
822,0.7935,0.7693
822,0.7796,0.7776
823,0.7753,0.7647
823,0.7888,0.7794
823,0.7859,0.7723
823,0.7836,0.7864
824,0.7895,0.7634
824,0.7854,0.7757
824,0.7846,0.7684
824,0.7748,0.7631
825,0.7838,0.7709
825,0.7775,0.7646
825,0.7773,0.7630
825,0.7819,0.7690
826,0.7750,0.7673
826,0.7913,0.7664
826,0.7737,0.7725
826,0.7709,0.7655
826,0.7673,0.7584
827,0.7763,0.7635
827,0.7851,0.7689
827,0.7641,0.7682
827,0.7699,0.7631
828,0.7753,0.7566
828,0.7733,0.7568
828,0.7624,0.7545
828,0.7598,0.7533
829,0.7856,0.7636
829,0.7619,0.7466
829,0.7671,0.7560
829,0.7614,0.7449
830,0.7619,0.7501
830,0.7576,0.7469
830,0.7667,0.7638
830,0.7596,0.7603
831,0.7754,0.7568
831,0.7566,0.7536
831,0.7535,0.7616
831,0.7567,0.7380
831,0.7725,0.7506
832,0.7537,0.7527
832,0.7702,0.7532
832,0.7656,0.7529
832,0.7687,0.7541
833,0.7581,0.7527
833,0.7665,0.7538
833,0.7569,0.7438
833,0.7590,0.7507
834,0.7617,0.7435
834,0.7680,0.7503
834,0.7533,0.7485
834,0.7594,0.7503
835,0.7584,0.7480
835,0.7687,0.7508
835,0.7532,0.7488
835,0.7565,0.7533
836,0.7671,0.7558
836,0.7670,0.7512
836,0.7598,0.7429
836,0.7712,0.7569
837,0.7606,0.7542
837,0.7678,0.7404
837,0.7567,0.7458
837,0.7536,0.7504
837,0.7556,0.7482
838,0.7630,0.7518
838,0.7576,0.7514
838,0.7659,0.7534
838,0.7597,0.7532
839,0.7666,0.7489
839,0.7590,0.7503
839,0.7674,0.7494
839,0.7533,0.7502
840,0.7629,0.7627
840,0.7592,0.7476
840,0.7705,0.7455
840,0.7695,0.7529
841,0.7696,0.7614
841,0.7606,0.7502
841,0.7617,0.7500
841,0.7606,0.7425
842,0.7606,0.7417
842,0.7672,0.7518
842,0.7632,0.7557
842,0.7666,0.7533
842,0.7664,0.7598
843,0.7649,0.7549
843,0.7610,0.7610
843,0.7556,0.7528
843,0.7625,0.7583
844,0.7703,0.7563
844,0.7693,0.7526
844,0.7533,0.7636
844,0.7654,0.7536
845,0.7582,0.7464
845,0.7635,0.7569
845,0.7604,0.7539
845,0.7660,0.7577
846,0.7475,0.7444
846,0.7695,0.7518
846,0.7575,0.7545
846,0.7580,0.7511
847,0.7497,0.7474
847,0.7674,0.7539
847,0.7637,0.7368
847,0.7650,0.7536
848,0.7603,0.7500
848,0.7589,0.7453
848,0.7631,0.7537
848,0.7502,0.7467
848,0.7586,0.7462
849,0.7667,0.7495
849,0.7560,0.7431
849,0.7681,0.7546
849,0.7573,0.7392
850,0.7639,0.7462
850,0.7634,0.7468
850,0.7695,0.7490
850,0.7587,0.7396
851,0.7595,0.7504
851,0.7543,0.7389
851,0.7658,0.7506
851,0.7479,0.7512
852,0.7590,0.7437
852,0.7475,0.7384
852,0.7586,0.7488
852,0.7497,0.7409
853,0.7547,0.7468
853,0.7565,0.7390
853,0.7505,0.7394
853,0.7580,0.7462
854,0.7566,0.7406
854,0.7568,0.7291
854,0.7535,0.7311
854,0.7544,0.7409
854,0.7506,0.7480
855,0.7522,0.7328
855,0.7482,0.7399
855,0.7506,0.7441
855,0.7448,0.7370
856,0.7563,0.7324
856,0.7516,0.7412
856,0.7423,0.7329
856,0.7467,0.7278
857,0.7483,0.7387
857,0.7360,0.7335
857,0.7495,0.7349
857,0.7432,0.7457
858,0.7428,0.7384
858,0.7449,0.7307
858,0.7455,0.7332
858,0.7435,0.7419
859,0.7350,0.7276
859,0.7338,0.7323
859,0.7359,0.7330
859,0.7329,0.7384
860,0.7399,0.7305
860,0.7342,0.7121
860,0.7251,0.7217
860,0.7330,0.7195
860,0.7284,0.7145
861,0.7298,0.7223
861,0.7200,0.7116
861,0.7256,0.7165
861,0.7246,0.7019
862,0.7202,0.7189
862,0.7277,0.7006
862,0.7188,0.7121
862,0.7172,0.7065
863,0.7257,0.7076
863,0.7204,0.6998
863,0.7137,0.7042
863,0.7204,0.6944
864,0.7135,0.6903
864,0.7109,0.6885
864,0.7159,0.7004
864,0.7004,0.6901
865,0.7061,0.6943
865,0.7079,0.6926
865,0.7142,0.6922
865,0.7031,0.6862
866,0.7039,0.6904
866,0.7031,0.6798
866,0.7043,0.6829
866,0.6918,0.6863
866,0.6977,0.6844
867,0.6794,0.6702
867,0.6917,0.6837
867,0.6852,0.6827
867,0.6912,0.6768
868,0.6908,0.6737
868,0.6888,0.6808
868,0.6865,0.6687
868,0.6919,0.6761
869,0.6876,0.6699
869,0.6884,0.6770
869,0.6800,0.6643
869,0.6858,0.6654
870,0.6720,0.6645
870,0.6877,0.6686
870,0.6853,0.6677
870,0.6815,0.6618
871,0.6777,0.6631
871,0.6826,0.6610
871,0.6830,0.6628
871,0.6837,0.6608
872,0.6690,0.6517
872,0.6705,0.6635
872,0.6783,0.6562
872,0.6744,0.6594
872,0.6839,0.6561
873,0.6799,0.6583
873,0.6735,0.6503
873,0.6777,0.6578
873,0.6814,0.6615
874,0.6801,0.6586
874,0.6705,0.6560
874,0.6758,0.6543
874,0.6789,0.6549
875,0.6725,0.6546
875,0.6710,0.6542
875,0.6792,0.6499
875,0.6678,0.6448
876,0.6838,0.6486
876,0.6666,0.6387
876,0.6779,0.6509
876,0.6634,0.6468
877,0.6760,0.6539
877,0.6730,0.6437
877,0.6698,0.6460
877,0.6772,0.6519
878,0.6703,0.6488
878,0.6613,0.6423
878,0.6711,0.6522
878,0.6711,0.6499
878,0.6712,0.6448
879,0.6696,0.6526
879,0.6792,0.6540
879,0.6699,0.6514
879,0.6656,0.6412
880,0.6678,0.6519
880,0.6615,0.6472
880,0.6747,0.6435
880,0.6814,0.6397
881,0.6711,0.6482
881,0.6624,0.6382
881,0.6735,0.6450
881,0.6687,0.6491
882,0.6745,0.6428
882,0.6706,0.6485
882,0.6801,0.6483
882,0.6685,0.6321
883,0.6714,0.6465
883,0.6705,0.6482
883,0.6694,0.6493
883,0.6785,0.6522
884,0.6845,0.6520
884,0.6717,0.6400
884,0.6664,0.6616
884,0.6742,0.6516
885,0.6821,0.6473
885,0.6690,0.6499
885,0.6843,0.6607
885,0.6801,0.6466
885,0.6790,0.6448
886,0.6721,0.6509
886,0.6778,0.6527
886,0.6684,0.6531
886,0.6612,0.6564
887,0.6624,0.6575
887,0.6805,0.6635
887,0.6818,0.6542
887,0.6660,0.6551
888,0.6753,0.6525
888,0.6795,0.6612
888,0.6669,0.6548
888,0.6761,0.6667
889,0.6672,0.6481
889,0.6712,0.6597
889,0.6694,0.6519
889,0.6770,0.6556
890,0.6648,0.6584
890,0.6709,0.6595
890,0.6706,0.6509
890,0.6682,0.6595
891,0.6685,0.6502
891,0.6627,0.6705
891,0.6687,0.6630
891,0.6739,0.6555
891,0.6787,0.6524
892,0.6707,0.6585
892,0.6688,0.6512
892,0.6733,0.6726
892,0.6804,0.6493
893,0.6655,0.6681
893,0.6690,0.6587
893,0.6756,0.6628
893,0.6717,0.6614
894,0.6693,0.6521
894,0.6729,0.6523
894,0.6747,0.6629
894,0.6676,0.6588
895,0.6779,0.6589
895,0.6626,0.6498
895,0.6673,0.6562
895,0.6673,0.6569
896,0.6736,0.6608
896,0.6565,0.6433
896,0.6627,0.6435
896,0.6616,0.6508
897,0.6597,0.6548
897,0.6634,0.6554
897,0.6635,0.6472
897,0.6596,0.6573
898,0.6590,0.6455
898,0.6594,0.6559
898,0.6479,0.6540
898,0.6628,0.6409
898,0.6633,0.6556
899,0.6573,0.6475
899,0.6637,0.6505
899,0.6517,0.6412
899,0.6569,0.6473
900,0.6705,0.6480
900,0.6657,0.6486
900,0.6562,0.6404
900,0.6628,0.6453
901,0.6543,0.6443
901,0.6643,0.6449
901,0.6428,0.6457
901,0.6572,0.6385
902,0.6546,0.6438
902,0.6525,0.6394
902,0.6579,0.6372
902,0.6455,0.6317
903,0.6476,0.6323
903,0.6546,0.6393
903,0.6447,0.6376
903,0.6531,0.6420
904,0.6466,0.6339
904,0.6455,0.6357
904,0.6461,0.6398
904,0.6451,0.6358
905,0.6461,0.6327
905,0.6512,0.6387
905,0.6326,0.6354
905,0.6390,0.6298
905,0.6374,0.6237
906,0.6387,0.6388
906,0.6425,0.6284
906,0.6331,0.6341
906,0.6338,0.6282
907,0.6341,0.6341
907,0.6512,0.6257
907,0.6402,0.6319
907,0.6484,0.6261
908,0.6380,0.6316
908,0.6408,0.6245
908,0.6391,0.6302
908,0.6353,0.6196
909,0.6311,0.6175
909,0.6367,0.6133
909,0.6386,0.6184
909,0.6300,0.6220
910,0.6335,0.6151
910,0.6226,0.6135
910,0.6300,0.6244
910,0.6332,0.6263
911,0.6352,0.6250
911,0.6290,0.6168
911,0.6273,0.6156
911,0.6285,0.6178
912,0.6222,0.6136
912,0.6220,0.6131
912,0.6326,0.6202
912,0.6188,0.6064
912,0.6215,0.6091
913,0.6207,0.6073
913,0.6247,0.6067
913,0.6196,0.6104
913,0.6350,0.6123
914,0.6161,0.6074
914,0.6267,0.6077
914,0.6212,0.6088
914,0.6188,0.6081
915,0.6117,0.5975
915,0.6193,0.6068
915,0.6116,0.6092
915,0.6114,0.5924
916,0.6048,0.5957
916,0.6117,0.6024
916,0.6111,0.5937
916,0.6083,0.5916
917,0.6034,0.5935
917,0.6083,0.6033
917,0.6127,0.5922
917,0.6102,0.5935
918,0.5983,0.5852
918,0.6105,0.5984
918,0.5995,0.5918
918,0.6023,0.5869
919,0.5925,0.5832
919,0.6078,0.5925
919,0.6004,0.5902
919,0.5973,0.5800
920,0.5958,0.5850
920,0.5971,0.5818
920,0.5936,0.5811
920,0.5939,0.5815
920,0.5838,0.5780
921,0.5894,0.5833
921,0.5870,0.5694
921,0.5932,0.5714
921,0.5782,0.5641
922,0.5898,0.5691
922,0.5776,0.5672
922,0.5819,0.5676
922,0.5889,0.5668
923,0.5839,0.5674
923,0.5850,0.5702
923,0.5830,0.5675
923,0.5819,0.5644
924,0.5819,0.5693
924,0.5847,0.5750
924,0.5835,0.5768
924,0.5776,0.5579
925,0.5875,0.5671
925,0.5779,0.5640
925,0.5806,0.5653
925,0.5746,0.5577
926,0.5798,0.5600
926,0.5643,0.5607
926,0.5680,0.5674
926,0.5658,0.5521
927,0.5677,0.5603
927,0.5687,0.5532
927,0.5656,0.5623
927,0.5571,0.5504
927,0.5705,0.5386
928,0.5626,0.5504
928,0.5565,0.5461
928,0.5588,0.5345
928,0.5606,0.5502
929,0.5512,0.5407
929,0.5517,0.5377
929,0.5504,0.5401
929,0.5496,0.5413
930,0.5410,0.5329
930,0.5515,0.5363
930,0.5540,0.5401
930,0.5450,0.5326
931,0.5511,0.5293
931,0.5433,0.5372
931,0.5455,0.5305
931,0.5443,0.5352
932,0.5397,0.5325
932,0.5298,0.5259
932,0.5337,0.5235
932,0.5358,0.5228
933,0.5369,0.5255
933,0.5382,0.5185
933,0.5313,0.5204
933,0.5247,0.5229
934,0.5218,0.5177
934,0.5332,0.5168
934,0.5308,0.5128
934,0.5286,0.5078
935,0.5273,0.5151
935,0.5260,0.5161
935,0.5198,0.5019
935,0.5148,0.5092
935,0.5202,0.5030
936,0.5143,0.5000
936,0.5127,0.5050
936,0.5119,0.4955
936,0.5114,0.4976
937,0.5136,0.5004
937,0.5097,0.4914
937,0.4990,0.4892
937,0.4941,0.4810
938,0.4995,0.4870
938,0.4977,0.4845
938,0.4940,0.4855
938,0.4830,0.4762
939,0.4842,0.4773
939,0.4803,0.4735
939,0.4749,0.4661
939,0.4731,0.4602
940,0.4728,0.4575
940,0.4615,0.4574
940,0.4565,0.4498
940,0.4474,0.4527
941,0.4552,0.4424
941,0.4496,0.4349
941,0.4460,0.4313
941,0.4452,0.4341
942,0.4438,0.4312
942,0.4339,0.4310
942,0.4360,0.4224
942,0.4319,0.4215
943,0.4208,0.4143
943,0.4188,0.4203
943,0.4107,0.4039
943,0.4036,0.4000
943,0.4157,0.3966
944,0.4107,0.3957
944,0.4056,0.3970
944,0.4040,0.3905
944,0.3979,0.3925
945,0.3992,0.3934
945,0.3930,0.3925
945,0.3931,0.3872
945,0.3872,0.3831
946,0.3901,0.3818
946,0.3910,0.3684
946,0.3902,0.3827
946,0.3860,0.3774
947,0.3856,0.3819
947,0.3786,0.3654
947,0.3758,0.3754
947,0.3800,0.3741
948,0.3828,0.3734
948,0.3671,0.3741
948,0.3781,0.3752
948,0.3799,0.3670
949,0.3853,0.3762
949,0.3774,0.3667
949,0.3786,0.3731
949,0.3679,0.3677
950,0.3692,0.3719
950,0.3730,0.3666
950,0.3808,0.3693
950,0.3692,0.3656
951,0.3703,0.3728
951,0.3756,0.3661
951,0.3713,0.3658
951,0.3697,0.3637
951,0.3802,0.3653
952,0.3737,0.3708
952,0.3783,0.3659
952,0.3669,0.3638
952,0.3799,0.3746
953,0.3762,0.3679
953,0.3769,0.3694
953,0.3782,0.3642
953,0.3692,0.3669
954,0.3716,0.3720
954,0.3792,0.3698
954,0.3707,0.3657
954,0.3763,0.3677
955,0.3775,0.3762
955,0.3780,0.3781
955,0.3773,0.3688
955,0.3829,0.3695
956,0.3727,0.3689
956,0.3820,0.3778
956,0.3833,0.3686
956,0.3758,0.3749
957,0.3747,0.3740
957,0.3856,0.3653
957,0.3739,0.3696
957,0.3866,0.3710
958,0.3792,0.3820
958,0.3768,0.3798
958,0.3856,0.3707
958,0.3863,0.3797
959,0.3839,0.3738
959,0.3821,0.3772
959,0.3766,0.3749
959,0.3833,0.3786
960,0.3811,0.3796
960,0.3845,0.3814
960,0.3852,0.3784
960,0.3807,0.3778
960,0.3837,0.3788
961,0.3835,0.3790
961,0.3774,0.3732
961,0.3898,0.3832
961,0.3828,0.3722
962,0.3865,0.3787
962,0.3877,0.3799
962,0.3808,0.3748
962,0.3843,0.3761
963,0.3859,0.3749
963,0.3787,0.3693
963,0.3882,0.3784
963,0.3862,0.3776
964,0.3797,0.3740
964,0.3837,0.3787
964,0.3823,0.3782
964,0.3813,0.3744
965,0.3785,0.3621
965,0.3823,0.3687
965,0.3835,0.3786
965,0.3817,0.3710
966,0.3787,0.3664
966,0.3694,0.3661
966,0.3767,0.3719
966,0.3701,0.3665
967,0.3765,0.3729
967,0.3721,0.3677
967,0.3817,0.3684
967,0.3682,0.3598
968,0.3737,0.3702
968,0.3703,0.3597
968,0.3790,0.3700
968,0.3781,0.3641
969,0.3763,0.3669
969,0.3735,0.3648
969,0.3768,0.3665
969,0.3644,0.3584
969,0.3706,0.3630
970,0.3639,0.3589
970,0.3690,0.3692
970,0.3704,0.3561
970,0.3683,0.3616
971,0.3660,0.3606
971,0.3739,0.3690
971,0.3582,0.3570
971,0.3617,0.3594
972,0.3566,0.3588
972,0.3658,0.3548
972,0.3665,0.3552
972,0.3642,0.3505
973,0.3586,0.3529
973,0.3610,0.3537
973,0.3566,0.3463
973,0.3590,0.3511
974,0.3502,0.3490
974,0.3569,0.3529
974,0.3548,0.3502
974,0.3587,0.3480
975,0.3567,0.3423
975,0.3621,0.3492
975,0.3459,0.3449
975,0.3567,0.3469
976,0.3521,0.3387
976,0.3534,0.3437
976,0.3553,0.3364
976,0.3486,0.3429
977,0.3523,0.3422
977,0.3460,0.3426
977,0.3404,0.3330
977,0.3513,0.3340
978,0.3479,0.3352
978,0.3467,0.3408
978,0.3419,0.3376
978,0.3428,0.3416
978,0.3400,0.3417
979,0.3443,0.3349
979,0.3433,0.3336
979,0.3387,0.3330
979,0.3397,0.3332
980,0.3436,0.3305
980,0.3343,0.3330
980,0.3447,0.3303
980,0.3351,0.3284
981,0.3444,0.3309
981,0.3350,0.3310
981,0.3285,0.3213
981,0.3293,0.3286
982,0.3362,0.3248
982,0.3292,0.3224
982,0.3301,0.3179
982,0.3267,0.3255
983,0.3267,0.3253
983,0.3270,0.3148
983,0.3304,0.3173
983,0.3246,0.3185
984,0.3229,0.3186
984,0.3231,0.3158
984,0.3213,0.3147
984,0.3213,0.3083
985,0.3140,0.3137
985,0.3163,0.3129
985,0.3133,0.3133
985,0.3189,0.3100
986,0.3199,0.3116
986,0.3208,0.3123
986,0.3116,0.3049
986,0.3156,0.3008
987,0.3127,0.3079
987,0.3114,0.3057
987,0.3113,0.3014
987,0.3052,0.2975
988,0.3058,0.3022
988,0.3125,0.2951
988,0.3075,0.2999
988,0.3070,0.3029
988,0.3020,0.2985
989,0.3063,0.2959
989,0.3016,0.2951
989,0.3010,0.2963
989,0.3013,0.2921
990,0.2984,0.2908
990,0.3016,0.2889
990,0.2909,0.2861
990,0.2899,0.2877
991,0.2933,0.2889
991,0.2891,0.2880
991,0.2967,0.2807
991,0.2942,0.2850
992,0.2879,0.2812
992,0.2884,0.2852
992,0.2861,0.2776
992,0.2855,0.2819
993,0.2807,0.2765
993,0.2901,0.2805
993,0.2820,0.2723
993,0.2831,0.2755
994,0.2799,0.2758
994,0.2799,0.2707
994,0.2819,0.2798
994,0.2804,0.2689
995,0.2732,0.2687
995,0.2733,0.2723
995,0.2746,0.2674
995,0.2739,0.2685
996,0.2710,0.2655
996,0.2733,0.2635
996,0.2704,0.2701
996,0.2696,0.2646
997,0.2654,0.2634
997,0.2666,0.2649
997,0.2630,0.2582
997,0.2682,0.2637
998,0.2625,0.2587
998,0.2702,0.2562
998,0.2635,0.2522
998,0.2616,0.2557
998,0.2606,0.2567
999,0.2567,0.2523
999,0.2592,0.2485
999,0.2598,0.2543
999,0.2542,0.2463
1000,0.2590,0.2493
1000,0.2566,0.2509
1000,0.2570,0.2513
1000,0.2551,0.2441
1001,0.2524,0.2388
1001,0.2451,0.2444
1001,0.2491,0.2388
1001,0.2466,0.2438
1002,0.2445,0.2452
1002,0.2506,0.2481
1002,0.2434,0.2346
1002,0.2420,0.2366
1003,0.2338,0.2334
1003,0.2363,0.2370
1003,0.2341,0.2339
1003,0.2361,0.2323
1004,0.2393,0.2343
1004,0.2403,0.2318
1004,0.2314,0.2313
1004,0.2335,0.2321
1005,0.2317,0.2274
1005,0.2324,0.2315
1005,0.2312,0.2293
1005,0.2347,0.2209
1006,0.2306,0.2289
1006,0.2289,0.2269
1006,0.2267,0.2262
1006,0.2208,0.2248
1007,0.2279,0.2217
1007,0.2251,0.2328
1007,0.2246,0.2221
1007,0.2225,0.2177
1008,0.2236,0.2177
1008,0.2193,0.2202
1008,0.2225,0.2133
1008,0.2211,0.2166
1009,0.2185,0.2076
1009,0.2185,0.2127
1009,0.2200,0.2058
1009,0.2129,0.2023
1009,0.2153,0.2253
1010,0.2054,0.2059
1010,0.2088,0.2030
1010,0.2073,0.2044
1010,0.2117,0.2047
1011,0.2004,0.2013
1011,0.2001,0.1944
1011,0.2053,0.1958
1011,0.1983,0.1983
1012,0.1958,0.1938
1012,0.1887,0.1889
1012,0.1883,0.1847
1012,0.1902,0.1885
1013,0.1944,0.1940
1013,0.1864,0.1853
1013,0.1892,0.1844
1013,0.1924,0.1839
1014,0.1848,0.1903
1014,0.1848,0.1802
1014,0.1815,0.1822
1014,0.1855,0.1783
1015,0.1832,0.1794
1015,0.1821,0.1782
1015,0.1788,0.1776
1015,0.1834,0.1795
1016,0.1771,0.1722
1016,0.1808,0.1801
1016,0.1781,0.1754
1016,0.1759,0.1742
1017,0.1754,0.1718
1017,0.1710,0.1701
1017,0.1749,0.1675
1017,0.1737,0.1746
1018,0.1730,0.1679
1018,0.1719,0.1707
1018,0.1714,0.1670
1018,0.1762,0.1703
1019,0.1786,0.1727
1019,0.1681,0.1688
1019,0.1699,0.1725
1019,0.1739,0.1740
1020,0.1741,0.1709
1020,0.1777,0.1696
1020,0.1713,0.1695
1020,0.1758,0.1651
1020,0.1724,0.1645
1021,0.1745,0.1637
1021,0.1702,0.1615
1021,0.1670,0.1604
1021,0.1762,0.1664
1022,0.1647,0.1611
1022,0.1681,0.1563
1022,0.1665,0.1660
1022,0.1637,0.1681
1023,0.1626,0.1623
1023,0.1632,0.1555
1023,0.1581,0.1605
1023,0.1630,0.1612
1024,0.1597,0.1560
1024,0.1663,0.1577
1024,0.0924,0.0913
1024,0.0025,-0.0036
1025,0.0009,-0.0039
1025,-0.0008,-0.0050
1025,-0.0031,-0.0036
1025,-0.0021,-0.0066
1026,-0.0001,-0.0053
