198,0.0026
198,-0.0001
198,0.0072
199,0.0028
199,0.0001
199,-0.0001
199,0.0032
199,0.0019
200,0.0034
200,0.0024
200,0.0012
200,0.0022
200,0.0020
201,0.0014
201,0.0025
201,-0.0003
201,0.0000
201,0.0014
202,0.0035
202,-0.0007
202,0.0017
202,0.0006
202,0.0037
203,0.0019
203,0.0036
203,-0.0002
203,0.0029
203,0.0022
204,0.0053
204,0.0002
204,0.0023
204,0.0016
204,0.0039
205,0.0012
205,0.0036
205,0.0013
205,0.0009
205,0.0025
206,0.0030
206,0.0025
206,0.0019
206,0.0032
206,0.0000
207,0.0028
207,0.0016
207,0.0010
207,0.0042
207,0.0013
208,0.0037
208,0.0040
208,0.0050
208,0.0005
208,0.0022
209,0.0013
209,0.0028
209,0.0032
209,0.0021
210,0.0005
210,0.0038
210,0.0011
210,0.0023
210,0.0019
211,0.0006
211,0.0014
211,0.0026
211,0.0014
211,0.0050
212,0.0020
212,0.0009
212,0.0025
212,0.0008
212,0.0007
213,0.0033
213,0.0017
213,0.0023
213,-0.0003
213,0.0011
214,0.0016
214,0.0018
214,0.0031
214,0.0054
214,0.0045
215,0.0013
215,0.0021
215,0.0014
215,0.0008
215,0.0028
216,0.0023
216,0.0029
216,-0.0012
216,0.0028
216,0.0022
217,0.0049
217,0.0009
217,0.0036
217,0.0027
217,0.0043
218,0.0056
218,0.0032
218,0.0026
218,0.0016
218,0.0005
219,0.0023
219,0.0020
219,0.0041
219,0.0026
219,0.0013
220,0.0031
220,-0.0010
220,-0.0003
220,0.0039
221,0.0030
221,0.0028
221,0.0017
221,0.0045
221,0.0019
222,0.0011
222,0.0040
222,0.0040
222,0.0021
222,0.0028
223,0.0013
223,0.0028
223,0.0018
223,0.0028
223,0.0022
224,0.0011
224,-0.0008
224,0.0060
224,0.0020
224,0.0037
225,0.0000
225,0.0001
225,0.0013
225,0.0027
225,0.0013
226,0.0034
226,0.0005
226,0.0060
226,0.0014
226,0.0028
227,0.0018
227,0.0012
227,0.0020
227,0.0041
227,0.0030
228,0.0040
228,0.0001
228,0.0032
228,0.0028
228,0.0026
229,0.0042
229,0.0014
229,0.0019
229,0.0034
229,0.0016
230,0.0022
230,0.0039
230,0.0034
230,0.0005
231,0.0013
231,0.0024
231,0.0019
231,0.0025
231,0.0057
232,0.0010
232,0.0015
232,-0.0005
232,0.0021
232,0.0032
233,0.0040
233,0.0008
233,-0.0001
233,0.0044
233,0.0045
234,0.0010
234,0.0032
234,0.0017
234,0.0003
234,0.0018
235,0.0025
235,0.0041
235,0.0034
235,0.0037
235,0.0023
236,0.0035
236,0.0068
236,0.0009
236,0.0042
236,0.0019
237,0.0034
237,-0.0005
237,0.0035
237,0.0016
237,0.0026
238,0.0001
238,0.0014
238,0.0016
238,0.0048
239,0.0027
239,0.0011
239,0.0029
239,0.0020
239,0.0019
240,0.0051
240,0.0005
240,0.0034
240,0.0027
240,0.0028
241,0.0016
241,0.0042
241,0.0030
241,0.0032
241,0.0007
242,0.0022
242,0.0006
242,0.0015
242,0.0023
242,0.0025
243,0.0034
243,0.0028
243,0.0023
243,0.0023
243,0.0043
244,0.0012
244,0.0008
244,0.0040
244,0.0035
244,0.0040
245,0.0008
245,0.0034
245,0.0025
245,0.0028
246,0.0037
246,0.0019
246,0.0032
246,0.0017
246,0.0016
247,-0.0001
247,0.0007
247,0.0039
247,0.0019
247,0.0025
248,-0.0003
248,0.0034
248,0.0032
248,0.0008
248,0.0008
249,0.0046
249,0.0028
249,0.0028
249,0.0006
249,0.0032
250,0.0019
250,-0.0002
250,0.0009
250,0.0024
250,-0.0004
251,0.0013
251,0.0023
251,0.0019
251,0.0032
251,0.0012
252,0.0024
252,0.0008
252,-0.0003
252,0.0026
253,0.0004
253,0.0024
253,0.0018
253,0.0014
253,0.0019
254,0.0005
254,0.0031
254,0.0029
254,0.0044
254,0.0030
255,0.0029
255,0.0032
255,0.0045
255,0.0034
255,0.0034
256,0.0007
256,0.0002
256,0.0016
256,0.0006
256,0.0037
257,0.0054
257,0.0025
257,0.0036
257,0.0033
257,0.0010
258,0.0059
258,0.0007
258,0.0027
258,0.0052
259,0.0020
259,0.0012
259,0.0023
259,0.0016
259,0.0005
260,0.0030
260,0.0034
260,0.0002
260,0.0016
260,0.0015
261,0.0029
261,0.0027
261,0.0028
261,0.0026
261,0.0017
262,0.0013
262,0.0039
262,0.0017
262,0.0006
262,0.0026
263,0.0015
263,-0.0006
263,0.0047
263,0.0036
264,0.0017
264,0.0007
264,0.0011
264,0.0011
264,0.0004
265,0.0033
265,0.0038
265,0.0010
265,0.0022
265,0.0013
266,0.0029
266,-0.0005
266,0.0028
266,0.0037
266,0.0028
267,0.0007
267,0.0005
267,0.0007
267,0.0020
267,0.0027
268,0.0045
268,0.0039
268,0.0014
268,0.0006
268,0.0035
269,0.0023
269,0.0043
269,0.0008
269,0.0012
270,0.0040
270,0.0029
270,0.0047
270,0.0044
270,0.0029
271,0.0040
271,-0.0003
271,0.0025
271,0.0029
271,0.0041
272,0.0031
272,0.0031
272,0.0031
272,0.0010
272,0.0005
273,0.0055
273,0.0017
273,0.0032
273,0.0016
273,0.0017
274,0.0027
274,0.0011
274,0.0016
274,0.0030
275,0.0030
275,0.0032
275,0.0026
275,0.0037
275,0.0054
276,0.0037
276,0.0010
276,0.0042
276,0.0010
276,0.0022
277,0.0029
277,0.0034
277,0.0002
277,0.0035
277,-0.0011
278,0.0042
278,-0.0004
278,0.0031
278,0.0048
278,0.0016
279,0.0031
279,0.0028
279,0.0030
279,0.0039
280,0.0024
280,0.0024
280,0.0029
280,0.0048
280,0.0025
281,0.0031
281,0.0033
281,0.0025
281,0.0027
281,0.0030
282,0.0020
282,0.0023
282,0.0050
282,0.0073
282,0.0050
283,0.0035
283,0.0028
283,0.0019
283,0.0031
283,0.0045
284,0.0032
284,0.0029
284,0.0029
284,0.0040
285,0.0048
285,0.0034
285,0.0014
285,0.0019
285,0.0012
286,0.0022
286,0.0016
286,0.0050
286,0.0034
286,0.0032
287,0.0025
287,0.0024
287,0.0051
287,0.0046
287,0.0013
288,0.0042
288,0.0031
288,0.0017
288,0.0023
289,0.0013
289,0.0007
289,0.0023
289,0.0038
289,0.0016
290,0.0041
290,0.0011
290,0.0026
290,0.0023
290,0.0011
291,0.0047
291,0.0008
291,0.0005
291,0.0032
291,0.0025
292,0.0032
292,0.0030
292,0.0022
292,0.0020
293,0.0039
293,0.0008
293,0.0016
293,0.0023
293,0.0017
294,0.0037
294,0.0014
294,0.0026
294,0.0009
294,0.0025
295,0.0013
295,0.0038
295,0.0013
295,0.0028
295,-0.0001
296,0.0022
296,0.0031
296,0.0037
296,0.0026
296,0.0005
297,0.0022
297,0.0025
297,0.0017
297,0.0039
298,0.0000
298,0.0018
298,0.0016
298,0.0017
298,0.0035
299,0.0014
299,0.0024
299,0.0009
299,0.0022
299,0.0011
300,0.0016
300,0.0015
300,0.0016
300,0.0007
300,0.0022
301,0.0037
301,0.0009
301,0.0022
301,0.0030
302,0.0035
302,-0.0001
302,0.0009
302,0.0017
302,0.0017
303,0.0020
303,0.0014
303,0.0027
303,0.0024
303,0.0034
304,0.0021
304,-0.0002
304,0.0026
304,0.0024
304,0.0005
305,0.0029
305,0.0008
305,0.0038
305,0.0014
306,0.0007
306,0.0052
306,0.0016
306,0.0030
306,0.0018
307,0.0044
307,0.0041
307,0.0016
307,0.0016
307,0.0045
308,0.0019
308,-0.0001
308,0.0011
308,0.0031
308,0.0024
309,0.0022
309,0.0021
309,0.0026
309,0.0002
310,0.0049
310,0.0017
310,0.0046
310,0.0038
310,0.0044
311,0.0016
311,0.0015
311,0.0023
311,0.0035
311,0.0028
312,0.0045
312,0.0010
312,0.0034
312,0.0022
313,0.0035
313,0.0023
313,0.0031
313,0.0009
313,0.0042
314,0.0024
314,0.0023
314,0.0015
314,0.0035
314,0.0006
315,0.0041
315,0.0031
315,0.0025
315,-0.0022
315,0.0035
316,0.0019
316,0.0023
316,0.0011
316,0.0039
317,0.0017
317,0.0016
317,0.0019
317,0.0038
317,0.0017
318,0.0043
318,0.0045
318,0.0023
318,0.0019
318,0.0034
319,0.0027
319,0.0027
319,0.0037
319,0.0038
319,0.0020
320,0.0021
320,0.0019
320,0.0008
320,0.0031
321,0.0019
321,0.0035
321,0.0044
321,0.0023
321,0.0016
322,0.0017
322,0.0025
322,0.0017
322,0.0038
322,0.0054
323,0.0016
323,0.0032
323,0.0020
323,0.0029
324,0.0031
324,0.0004
324,0.0056
324,0.0020
324,-0.0001
325,0.0015
325,0.0020
325,0.0014
325,0.0030
325,0.0025
326,0.0050
326,0.0049
326,0.0037
326,0.0047
326,0.0044
327,0.0035
327,0.0051
327,0.0041
327,0.0032
328,0.0065
328,0.0070
328,0.0054
328,0.0037
328,-0.0001
329,0.0057
329,0.0034
329,0.0041
329,0.0046
329,0.0047
330,0.0027
330,0.0052
330,0.0070
330,0.0063
331,0.0058
331,0.0054
331,0.0035
331,0.0065
331,0.0062
332,0.0038
332,0.0050
332,0.0066
332,0.0043
332,0.0053
333,0.0059
333,0.0074
333,0.0059
333,0.0047
333,0.0039
334,0.0073
334,0.0052
334,0.0081
334,0.0067
335,0.0047
335,0.0058
335,0.0057
335,0.0050
335,0.0071
336,0.0059
336,0.0064
336,0.0023
336,0.0065
336,0.0103
337,0.0089
337,0.0059
337,0.0056
337,0.0057
338,0.0073
338,0.0055
338,0.0056
338,0.0055
338,0.0087
339,0.0068
339,0.0035
339,0.0048
339,0.0054
339,0.0071
340,0.0072
340,0.0065
340,0.0077
340,0.0072
341,0.0063
341,0.0083
341,0.0068
341,0.0073
341,0.0082
342,0.0083
342,0.0122
342,0.0062
342,0.0077
342,0.0059
343,0.0067
343,0.0053
343,0.0089
343,0.0065
344,0.0094
344,0.0066
344,0.0096
344,0.0094
344,0.0096
345,0.0082
345,0.0082
345,0.0082
345,0.0099
345,0.0050
346,0.0075
346,0.0108
346,0.0066
346,0.0097
347,0.0115
347,0.0080
347,0.0083
347,0.0099
347,0.0088
348,0.0100
348,0.0113
348,0.0105
348,0.0093
348,0.0103
349,0.0101
349,0.0104
349,0.0112
349,0.0086
349,0.0104
350,0.0084
350,0.0082
350,0.0114
350,0.0080
351,0.0091
351,0.0090
351,0.0122
351,0.0126
351,0.0103
352,0.0129
352,0.0124
352,0.0153
352,0.0120
352,0.0132
353,0.0132
353,0.0137
353,0.0119
353,0.0123
354,0.0076
354,0.0119
354,0.0114
354,0.0116
354,0.0129
355,0.0145
355,0.0127
355,0.0120
355,0.0146
355,0.0168
356,0.0144
356,0.0116
356,0.0153
356,0.0180
357,0.0148
357,0.0165
357,0.0136
357,0.0147
357,0.0136
358,0.0158
358,0.0123
358,0.0113
358,0.0153
358,0.0166
359,0.0141
359,0.0127
359,0.0116
359,0.0113
360,0.0115
360,0.0126
360,0.0116
360,0.0133
360,0.0148
361,0.0132
361,0.0163
361,0.0179
361,0.0166
362,0.0196
362,0.0156
362,0.0185
362,0.0171
362,0.0157
363,0.0209
363,0.0139
363,0.0137
363,0.0151
363,0.0144
364,0.0192
364,0.0183
364,0.0161
364,0.0180
365,0.0184
365,0.0158
365,0.0174
365,0.0195
365,0.0177
366,0.0176
366,0.0196
366,0.0190
366,0.0210
366,0.0194
367,0.0201
367,0.0209
367,0.0250
367,0.0234
368,0.0247
368,0.0223
368,0.0244
368,0.0247
368,0.0267
369,0.0284
369,0.0219
369,0.0232
369,0.0229
369,0.0242
370,0.0256
370,0.0231
370,0.0239
370,0.0271
371,0.0255
371,0.0272
371,0.0275
371,0.0306
371,0.0290
372,0.0245
372,0.0241
372,0.0242
372,0.0257
372,0.0272
373,0.0287
373,0.0250
373,0.0290
373,0.0257
374,0.0291
374,0.0238
374,0.0257
374,0.0256
374,0.0244
375,0.0238
375,0.0250
375,0.0260
375,0.0272
375,0.0284
376,0.0270
376,0.0247
376,0.0281
376,0.0285
377,0.0311
377,0.0302
377,0.0314
377,0.0314
377,0.0318
378,0.0337
378,0.0313
378,0.0363
378,0.0390
379,0.0378
379,0.0380
379,0.0385
379,0.0467
379,0.0414
380,0.0433
380,0.0439
380,0.0424
380,0.0435
380,0.0398
381,0.0388
381,0.0394
381,0.0409
381,0.0418
382,0.0393
382,0.0442
382,0.0469
382,0.0437
382,0.0437
383,0.0464
383,0.0426
383,0.0457
383,0.0388
383,0.0378
384,0.0333
384,0.0302
384,0.0323
384,0.0353
385,0.0311
385,0.0309
385,0.0309
385,0.0365
385,0.0362
386,0.0402
386,0.0421
386,0.0441
386,0.0469
387,0.0518
387,0.0464
387,0.0475
387,0.0438
387,0.0469
388,0.0441
388,0.0507
388,0.0485
388,0.0519
388,0.0474
389,0.0498
389,0.0476
389,0.0506
389,0.0484
390,0.0556
390,0.0496
390,0.0510
390,0.0520
390,0.0570
391,0.0548
391,0.0599
391,0.0674
391,0.0631
392,0.0670
392,0.0652
392,0.0675
392,0.0696
392,0.0712
393,0.0735
393,0.0752
393,0.0766
393,0.0744
393,0.0697
394,0.0673
394,0.0599
394,0.0516
394,0.0494
395,0.0416
395,0.0422
395,0.0399
395,0.0417
395,0.0485
396,0.0541
396,0.0594
396,0.0655
396,0.0695
396,0.0731
397,0.0755
397,0.0781
397,0.0782
397,0.0776
398,0.0683
398,0.0585
398,0.0515
398,0.0511
398,0.0495
399,0.0545
399,0.0618
399,0.0694
399,0.0788
400,0.0863
400,0.0931
400,0.0994
400,0.0984
400,0.1030
401,0.1050
401,0.1130
401,0.1120
401,0.1150
401,0.1170
402,0.1110
402,0.1170
402,0.1190
402,0.1190
403,0.1210
403,0.1240
403,0.1230
403,0.1220
403,0.1290
404,0.1240
404,0.1290
404,0.1280
404,0.1270
405,0.1220
405,0.1230
405,0.1360
405,0.1290
405,0.1310
406,0.1250
406,0.1250
406,0.1290
406,0.1320
407,0.1240
407,0.1300
407,0.1350
407,0.1320
407,0.1280
408,0.1290
408,0.1280
408,0.1340
408,0.1290
408,0.1340
409,0.1300
409,0.1340
409,0.1420
409,0.1390
410,0.1380
410,0.1470
410,0.1460
410,0.1490
410,0.1500
411,0.1490
411,0.1390
411,0.1440
411,0.1360
412,0.1400
412,0.1400
412,0.1390
412,0.1480
412,0.1520
413,0.1610
413,0.1610
413,0.1620
413,0.1570
413,0.1610
414,0.1630
414,0.1590
414,0.1570
414,0.1620
415,0.1570
415,0.1650
415,0.1680
415,0.1600
415,0.1660
416,0.1670
416,0.1650
416,0.1670
416,0.1660
417,0.1670
417,0.1680
417,0.1700
417,0.1720
417,0.1750
418,0.1780
418,0.1710
418,0.1730
418,0.1690
419,0.1720
419,0.1730
419,0.1690
419,0.1660
419,0.1690
420,0.1730
420,0.1700
420,0.1730
420,0.1750
420,0.1710
421,0.1660
421,0.1770
421,0.1690
421,0.1760
422,0.1800
422,0.1830
422,0.1860
422,0.1880
422,0.1930
423,0.1910
423,0.1920
423,0.1930
423,0.1930
424,0.1810
424,0.1760
424,0.1790
424,0.1820
424,0.1820
425,0.1770
425,0.1820
425,0.1880
425,0.1880
426,0.1920
426,0.1910
426,0.1860
426,0.1890
426,0.1910
427,0.1890
427,0.1890
427,0.1900
427,0.1880
427,0.1960
428,0.2010
428,0.1930
428,0.1940
428,0.1860
429,0.1870
429,0.1840
429,0.1980
429,0.1950
429,0.1970
430,0.1960
430,0.1890
430,0.1850
430,0.1910
431,0.1920
431,0.1900
431,0.1830
431,0.1670
431,0.1690
432,0.1620
432,0.1520
432,0.1560
432,0.1580
433,0.1810
433,0.1950
433,0.2140
433,0.2240
433,0.2240
434,0.2180
434,0.2160
434,0.2330
434,0.2410
435,0.2360
435,0.2380
435,0.2270
435,0.2220
435,0.2120
436,0.2300
436,0.2330
436,0.2420
436,0.2390
436,0.2400
437,0.2520
437,0.2540
437,0.2580
437,0.2700
438,0.2800
438,0.2830
438,0.2820
438,0.2800
438,0.2700
439,0.2750
439,0.2820
439,0.2750
439,0.2570
440,0.2470
440,0.2520
440,0.2550
440,0.2530
440,0.2520
441,0.2690
441,0.2790
441,0.2810
441,0.2820
442,0.2730
442,0.2740
442,0.2730
442,0.2840
442,0.2910
443,0.2910
443,0.3010
443,0.3100
443,0.3170
444,0.3140
444,0.3150
444,0.3180
444,0.3180
444,0.3180
445,0.3090
445,0.3130
445,0.3240
445,0.3230
446,0.3210
446,0.3270
446,0.3420
446,0.3360
446,0.3300
447,0.3290
447,0.3140
447,0.3160
447,0.3090
447,0.3150
448,0.3180
448,0.3270
448,0.3190
448,0.3280
449,0.3400
449,0.3540
449,0.3550
449,0.3670
449,0.3590
450,0.3540
450,0.3580
450,0.3600
450,0.3460
451,0.3480
451,0.3600
451,0.3690
451,0.3620
451,0.3740
452,0.3770
452,0.3890
452,0.3930
452,0.3970
453,0.4000
453,0.3980
453,0.3960
453,0.3940
453,0.3950
454,0.3820
454,0.3810
454,0.3770
454,0.3600
455,0.3590
455,0.3580
455,0.3630
455,0.3870
455,0.3840
456,0.3950
456,0.3980
456,0.3870
456,0.3790
457,0.3810
457,0.3880
457,0.3920
457,0.4010
457,0.4080
458,0.4190
458,0.4120
458,0.4130
458,0.4110
459,0.4160
459,0.4200
459,0.4300
459,0.4210
459,0.4170
460,0.4090
460,0.4110
460,0.4190
460,0.4160
461,0.4210
461,0.4220
461,0.4170
461,0.4330
461,0.4210
462,0.4240
462,0.4310
462,0.4380
462,0.4450
463,0.4360
463,0.4420
463,0.4530
463,0.4620
463,0.4660
464,0.4530
464,0.4520
464,0.4590
464,0.4670
465,0.4640
465,0.4660
465,0.4520
465,0.4670
465,0.4720
466,0.4540
466,0.4510
466,0.4430
466,0.4540
467,0.4430
467,0.4470
467,0.4600
467,0.4660
467,0.4800
468,0.4750
468,0.4590
468,0.4340
468,0.4460
468,0.4490
469,0.4590
469,0.4680
469,0.4710
469,0.4780
470,0.4720
470,0.4860
470,0.4780
470,0.4860
470,0.4820
471,0.4850
471,0.4760
471,0.4770
471,0.4690
472,0.4730
472,0.4740
472,0.4730
472,0.4740
472,0.4840
473,0.4860
473,0.4930
473,0.5050
473,0.5080
474,0.5120
474,0.5120
474,0.5090
474,0.5060
474,0.5070
475,0.4880
475,0.5050
475,0.5110
475,0.5200
476,0.5290
476,0.5220
476,0.5270
476,0.5310
476,0.5340
477,0.5130
477,0.5250
477,0.5280
477,0.5300
478,0.5160
478,0.5310
478,0.5190
478,0.5180
478,0.5390
479,0.5490
479,0.5540
479,0.5580
479,0.5720
480,0.5630
480,0.5590
480,0.5530
480,0.5480
480,0.5600
481,0.5710
481,0.5650
481,0.5680
481,0.5750
482,0.5830
482,0.5990
482,0.5730
482,0.5760
482,0.5820
483,0.5820
483,0.5910
483,0.5970
483,0.5950
484,0.5930
484,0.5850
484,0.5840
484,0.5970
484,0.5980
485,0.5930
485,0.5850
485,0.5900
485,0.5850
486,0.5860
486,0.5890
486,0.5960
486,0.5920
487,0.5980
487,0.5810
487,0.5650
487,0.5430
487,0.5080
488,0.4640
488,0.4860
488,0.5200
488,0.5370
489,0.5320
489,0.5430
489,0.5710
489,0.5910
489,0.6110
490,0.6230
490,0.6070
490,0.6020
490,0.5800
491,0.5680
491,0.5980
491,0.6300
491,0.6270
491,0.6470
492,0.6430
492,0.6350
492,0.6490
492,0.6280
493,0.6170
493,0.6270
493,0.6330
493,0.6220
493,0.5960
494,0.5930
494,0.5950
494,0.6070
494,0.6290
495,0.6500
495,0.6480
495,0.6400
495,0.6170
495,0.6340
496,0.6550
496,0.6580
496,0.6770
496,0.6700
497,0.6880
497,0.6770
497,0.6600
497,0.6310
497,0.6230
498,0.6470
498,0.6570
498,0.6710
498,0.6720
499,0.6510
499,0.6710
499,0.6690
499,0.6760
499,0.6750
500,0.6470
500,0.6260
500,0.6220
500,0.6460
501,0.6470
501,0.6680
501,0.6850
501,0.6820
501,0.6680
502,0.6520
502,0.6520
502,0.6380
502,0.6510
503,0.6790
503,0.6520
503,0.6280
503,0.6220
503,0.6350
504,0.6500
504,0.6490
504,0.6510
504,0.6460
505,0.6640
505,0.6680
505,0.6610
505,0.6520
505,0.6370
506,0.6160
506,0.6440
506,0.6810
506,0.6950
507,0.6780
507,0.6660
507,0.6940
507,0.7070
508,0.7190
508,0.7350
508,0.7090
508,0.6910
508,0.6920
509,0.6890
509,0.6920
509,0.6940
509,0.6830
510,0.6660
510,0.6690
510,0.6830
510,0.6960
510,0.7280
511,0.7290
511,0.7410
511,0.7270
511,0.7000
512,0.6860
512,0.7040
512,0.7290
512,0.7180
512,0.7060
513,0.7270
513,0.7410
513,0.7440
513,0.7550
514,0.7590
514,0.7570
514,0.7300
514,0.7010
514,0.7070
515,0.7180
515,0.7340
515,0.7530
515,0.7280
516,0.7150
516,0.7190
516,0.7330
516,0.7360
516,0.7270
517,0.7330
517,0.7550
517,0.7370
517,0.7600
518,0.7580
518,0.7530
518,0.7320
518,0.6690
519,0.6400
519,0.6140
519,0.6150
519,0.6300
519,0.6950
520,0.7410
520,0.6400
520,0.6250
520,0.6970
521,0.7230
521,0.7140
521,0.7300
521,0.7470
521,0.7660
522,0.7610
522,0.7560
522,0.7230
522,0.7300
523,0.7340
523,0.7420
523,0.7670
523,0.7610
523,0.7540
524,0.7800
524,0.7820
524,0.7300
524,0.7050
525,0.7180
525,0.7350
525,0.7390
525,0.7510
525,0.7780
526,0.7770
526,0.7660
526,0.7710
526,0.7450
527,0.7380
527,0.7530
527,0.7550
527,0.7590
528,0.7740
528,0.7450
528,0.7050
528,0.6960
528,0.6690
529,0.6640
529,0.6770
529,0.7040
529,0.7240
530,0.7370
530,0.7480
530,0.7290
530,0.7220
530,0.7470
531,0.7650
531,0.7790
531,0.7700
531,0.7590
532,0.7570
532,0.7470
532,0.7430
532,0.7610
532,0.7840
533,0.7980
533,0.7830
533,0.7730
533,0.7640
534,0.7610
534,0.7690
534,0.7410
534,0.7080
534,0.6940
535,0.7050
535,0.7370
535,0.7570
535,0.7670
536,0.7460
536,0.7170
536,0.7380
536,0.7430
537,0.7580
537,0.7560
537,0.7560
537,0.7960
537,0.7970
538,0.8080
538,0.7910
538,0.7790
538,0.7680
539,0.7320
539,0.7430
539,0.7750
539,0.8130
539,0.8140
540,0.7830
540,0.7750
540,0.7790
540,0.7790
541,0.7770
541,0.7580
541,0.7600
541,0.7430
541,0.7550
542,0.7550
542,0.7450
542,0.7440
542,0.7220
543,0.7370
543,0.7560
543,0.7590
543,0.7540
544,0.7830
544,0.7690
544,0.7720
544,0.7730
544,0.7580
545,0.7780
545,0.7820
545,0.7860
545,0.7800
546,0.8030
546,0.8140
546,0.8070
546,0.7950
546,0.7750
547,0.7930
547,0.8120
547,0.8120
547,0.8010
548,0.8060
548,0.8110
548,0.8120
548,0.8100
549,0.8120
549,0.8180
549,0.7960
549,0.8150
549,0.8060
550,0.8190
550,0.8170
550,0.8010
550,0.8140
551,0.8490
551,0.8550
551,0.8550
551,0.8290
551,0.8300
552,0.8250
552,0.8380
552,0.8370
552,0.8380
553,0.8350
553,0.8520
553,0.8370
553,0.8270
553,0.8220
554,0.8480
554,0.8640
554,0.8600
554,0.8600
555,0.8230
555,0.8270
555,0.8470
555,0.8550
556,0.8700
556,0.8740
556,0.8450
556,0.8370
556,0.8360
557,0.8720
557,0.8760
557,0.8770
557,0.8790
558,0.8760
558,0.8630
558,0.8640
558,0.8600
558,0.8310
559,0.8400
559,0.8520
559,0.8510
559,0.8440
560,0.8590
560,0.8350
560,0.8380
560,0.8500
561,0.8330
561,0.7910
561,0.7930
561,0.8110
561,0.8380
562,0.8380
562,0.8450
562,0.8370
562,0.8560
563,0.8740
563,0.8740
563,0.8930
563,0.8810
563,0.8510
564,0.8330
564,0.8450
564,0.8500
564,0.8470
565,0.8380
565,0.8490
565,0.8900
565,0.8580
566,0.8630
566,0.8610
566,0.8530
566,0.8660
566,0.8580
567,0.8580
567,0.8590
567,0.8550
567,0.8430
568,0.8270
568,0.8310
568,0.8320
568,0.8090
568,0.8300
569,0.8530
569,0.8630
569,0.8680
569,0.8990
570,0.8910
570,0.8570
570,0.8500
570,0.8380
571,0.8140
571,0.8090
571,0.8040
571,0.8350
571,0.8510
572,0.8490
572,0.8570
572,0.8450
572,0.8240
573,0.8060
573,0.7940
573,0.7980
573,0.8010
573,0.8140
574,0.8300
574,0.8440
574,0.8440
574,0.8500
575,0.8770
575,0.8640
575,0.8570
575,0.8620
576,0.8450
576,0.8430
576,0.8520
576,0.8470
576,0.8130
577,0.8180
577,0.8240
577,0.8440
577,0.8370
578,0.8400
578,0.8510
578,0.8340
578,0.8100
578,0.8430
579,0.8480
579,0.8350
579,0.8490
579,0.8420
580,0.8620
580,0.8360
580,0.8160
580,0.8350
581,0.8560
581,0.8500
581,0.8430
581,0.8590
581,0.8410
582,0.8460
582,0.8690
582,0.8900
582,0.8710
583,0.8530
583,0.8360
583,0.8560
583,0.8770
584,0.8840
584,0.8840
584,0.8940
584,0.8800
584,0.8860
585,0.8830
585,0.8940
585,0.9060
585,0.8880
586,0.8870
586,0.8750
586,0.8840
586,0.8980
586,0.8950
587,0.8960
587,0.8890
587,0.9050
587,0.8940
588,0.8650
588,0.8510
588,0.8650
588,0.8880
589,0.8990
589,0.8930
589,0.9120
589,0.9120
589,0.9030
590,0.8810
590,0.8600
590,0.8680
590,0.8590
591,0.8510
591,0.7700
591,0.7410
591,0.7550
592,0.7430
592,0.7540
592,0.7910
592,0.8240
592,0.8380
593,0.8190
593,0.8410
593,0.8370
593,0.8350
594,0.8350
594,0.8310
594,0.8360
594,0.8370
594,0.8490
595,0.8340
595,0.8370
595,0.8390
595,0.8510
596,0.8380
596,0.8590
596,0.8490
596,0.8310
597,0.8400
597,0.8170
597,0.8310
597,0.8480
597,0.8340
598,0.8450
598,0.8520
598,0.8540
598,0.8670
599,0.8710
599,0.8680
599,0.8660
599,0.8650
600,0.8490
600,0.8310
600,0.8530
600,0.8880
600,0.9020
601,0.8890
601,0.8890
601,0.8730
601,0.8960
602,0.8820
602,0.8640
602,0.8690
602,0.8550
602,0.8350
603,0.8450
603,0.8430
603,0.8130
603,0.8060
604,0.8040
604,0.7910
604,0.7810
604,0.7820
605,0.7570
605,0.7670
605,0.7630
605,0.7580
605,0.7410
606,0.7210
606,0.7260
606,0.7160
606,0.7120
607,0.6870
607,0.6950
607,0.6950
607,0.7150
608,0.7110
608,0.7410
608,0.7340
608,0.7530
608,0.7490
609,0.7370
609,0.7570
609,0.7730
609,0.7980
610,0.8010
610,0.8050
610,0.8180
610,0.8420
611,0.8870
611,0.8750
611,0.8590
611,0.8530
611,0.8550
612,0.8960
612,0.8790
612,0.8720
612,0.8570
613,0.8780
613,0.8740
613,0.8670
613,0.8900
614,0.8690
614,0.8580
614,0.8410
614,0.8260
614,0.8300
615,0.8390
615,0.8530
615,0.8310
615,0.8300
616,0.8070
616,0.8010
616,0.7950
616,0.8040
617,0.8080
617,0.8370
617,0.8350
617,0.8310
617,0.8340
618,0.8280
618,0.8200
618,0.7930
618,0.7590
619,0.7790
619,0.8110
619,0.8160
619,0.8180
619,0.8150
620,0.8150
620,0.8110
620,0.8300
620,0.8470
621,0.8560
621,0.8620
621,0.8680
621,0.8440
622,0.8340
622,0.8360
622,0.8240
622,0.8450
622,0.8550
623,0.8650
623,0.8600
623,0.8480
623,0.8460
624,0.8190
624,0.8280
624,0.8170
624,0.8010
625,0.8390
625,0.8350
625,0.8340
625,0.8190
625,0.8130
626,0.8000
626,0.8170
626,0.8190
626,0.8260
627,0.7990
627,0.7980
627,0.8030
627,0.8090
628,0.8030
628,0.7750
628,0.7910
628,0.7990
628,0.7940
629,0.7710
629,0.7830
629,0.7920
629,0.8010
630,0.7910
630,0.7880
630,0.7500
630,0.7550
631,0.7750
631,0.7810
631,0.7820
631,0.7900
631,0.7840
632,0.7910
632,0.7740
632,0.7710
632,0.7720
633,0.7910
633,0.8140
633,0.8480
633,0.8230
634,0.7920
634,0.7840
634,0.7570
634,0.7700
634,0.7790
635,0.7760
635,0.7910
635,0.8110
635,0.8160
636,0.8220
636,0.8120
636,0.8010
636,0.8030
637,0.7910
637,0.7830
637,0.8020
637,0.7870
637,0.7900
638,0.8000
638,0.7920
638,0.7650
638,0.7550
639,0.7950
639,0.7930
639,0.7930
639,0.8150
640,0.8120
640,0.8160
640,0.8030
640,0.8150
640,0.8190
641,0.8290
641,0.8210
641,0.7870
641,0.7920
642,0.8010
642,0.8000
642,0.8160
642,0.8150
643,0.8190
643,0.8320
643,0.8070
643,0.8040
643,0.8090
644,0.8000
644,0.8080
644,0.8300
644,0.8040
645,0.7930
645,0.8040
645,0.8230
645,0.8010
646,0.8230
646,0.8360
646,0.8150
646,0.8400
646,0.8330
647,0.8150
647,0.7880
647,0.7810
647,0.7790
648,0.7900
648,0.7940
648,0.7850
648,0.7900
649,0.7840
649,0.7580
649,0.7550
649,0.7420
649,0.7320
650,0.7280
650,0.7460
650,0.7330
650,0.7390
651,0.7610
651,0.7880
651,0.7730
651,0.7460
652,0.7210
652,0.7250
652,0.7390
652,0.7540
653,0.7550
653,0.7160
653,0.7390
653,0.7330
653,0.7090
654,0.7150
654,0.6980
654,0.7150
654,0.7100
655,0.7190
655,0.7310
655,0.7170
655,0.7150
656,0.7170
656,0.6930
656,0.6980
656,0.6970
656,0.7180
657,0.7100
657,0.6970
657,0.6900
657,0.6790
658,0.6750
658,0.6640
658,0.6350
658,0.6080
659,0.5770
659,0.6130
659,0.6000
659,0.5990
659,0.6190
660,0.6530
660,0.6620
660,0.6750
660,0.6760
661,0.7060
661,0.7080
661,0.6890
661,0.6800
662,0.7040
662,0.7060
662,0.6810
662,0.6860
662,0.6960
663,0.6960
663,0.7100
663,0.6940
663,0.6730
664,0.6810
664,0.6920
664,0.7110
664,0.7160
665,0.7020
665,0.6970
665,0.6860
665,0.6740
665,0.6780
666,0.6830
666,0.7070
666,0.7130
666,0.7230
667,0.7190
667,0.6890
667,0.7050
667,0.6810
668,0.6650
668,0.6810
668,0.6960
668,0.6850
669,0.6920
669,0.6700
669,0.6640
669,0.6790
669,0.6800
670,0.6930
670,0.6860
670,0.7050
670,0.7020
671,0.6820
671,0.6920
671,0.6970
671,0.6740
672,0.6840
672,0.6830
672,0.6950
672,0.6810
672,0.6670
673,0.6800
673,0.6660
673,0.6760
673,0.6700
674,0.6740
674,0.6680
674,0.6680
674,0.6600
675,0.6580
675,0.6810
675,0.7130
675,0.6950
675,0.6850
676,0.6870
676,0.7020
676,0.6890
676,0.6930
677,0.6890
677,0.6850
677,0.6870
677,0.6870
678,0.6770
678,0.6790
678,0.6940
678,0.6720
679,0.6730
679,0.6770
679,0.6900
679,0.6900
679,0.6880
680,0.6810
680,0.6670
680,0.6670
680,0.6760
681,0.6820
681,0.6790
681,0.6950
681,0.7090
682,0.7190
682,0.7000
682,0.7160
682,0.6940
682,0.6830
683,0.6900
683,0.6840
683,0.6590
683,0.6600
684,0.6700
684,0.6660
684,0.6660
684,0.6790
685,0.6610
685,0.6540
685,0.6450
685,0.6550
686,0.6570
686,0.6660
686,0.6540
686,0.6520
686,0.6410
687,0.6500
687,0.6490
687,0.6350
687,0.6390
688,0.6420
688,0.6380
688,0.6450
688,0.6350
689,0.6230
689,0.5890
689,0.5730
689,0.5570
689,0.5450
690,0.5280
690,0.5390
690,0.5300
690,0.5340
691,0.5440
691,0.5430
691,0.5480
691,0.5440
692,0.5380
692,0.5550
692,0.5500
692,0.5460
693,0.5490
693,0.5720
693,0.5660
693,0.5760
693,0.5730
694,0.5740
694,0.5940
694,0.5980
694,0.5970
695,0.5900
695,0.5790
695,0.5780
695,0.5740
696,0.5710
696,0.5680
696,0.5510
696,0.5440
696,0.5490
697,0.5660
697,0.5490
697,0.5470
697,0.5470
698,0.5610
698,0.5500
698,0.5640
698,0.5810
699,0.5820
699,0.5890
699,0.5960
699,0.5990
700,0.5910
700,0.5810
700,0.5860
700,0.5740
700,0.5760
701,0.5620
701,0.5670
701,0.5730
701,0.5900
702,0.5690
702,0.5780
702,0.5750
702,0.5820
703,0.5770
703,0.5610
703,0.5530
703,0.5520
703,0.5600
704,0.5680
704,0.5570
704,0.5560
704,0.5680
705,0.5840
705,0.5830
705,0.5810
705,0.5720
706,0.5770
706,0.5750
706,0.5800
706,0.5740
707,0.5740
707,0.5640
707,0.5720
707,0.5730
707,0.5810
708,0.5880
708,0.5960
708,0.5920
708,0.5920
709,0.5950
709,0.5940
709,0.5890
709,0.5940
710,0.5980
710,0.5970
710,0.6020
710,0.6030
711,0.5980
711,0.5950
711,0.5920
711,0.5860
711,0.5870
712,0.5890
712,0.5810
712,0.5890
712,0.5860
713,0.5910
713,0.5850
713,0.5890
713,0.5900
714,0.5910
714,0.5880
714,0.5780
714,0.5820
715,0.5810
715,0.5760
715,0.5690
715,0.5600
715,0.5610
716,0.5740
716,0.5770
716,0.5850
716,0.5820
717,0.5830
717,0.5710
717,0.5780
717,0.5690
718,0.5590
718,0.5520
718,0.5360
718,0.5160
718,0.5080
719,0.5010
719,0.4990
719,0.4910
719,0.4610
720,0.4570
720,0.4440
720,0.4310
720,0.4260
721,0.4230
721,0.4150
721,0.4050
721,0.4010
722,0.3870
722,0.3810
722,0.3870
722,0.3860
722,0.3960
723,0.3980
723,0.4000
723,0.4060
723,0.4040
724,0.4070
724,0.4190
724,0.4280
724,0.4380
725,0.4410
725,0.4340
725,0.4360
725,0.4370
726,0.4270
726,0.4220
726,0.4170
726,0.4090
726,0.4030
727,0.4120
727,0.4140
727,0.4230
727,0.4070
728,0.4090
728,0.4060
728,0.4060
728,0.3990
729,0.4070
729,0.4010
729,0.3900
729,0.3890
730,0.3880
730,0.3960
730,0.3960
730,0.3820
730,0.3830
731,0.3780
731,0.3860
731,0.3840
731,0.3950
732,0.3920
732,0.3880
732,0.3940
732,0.3920
733,0.3890
733,0.3990
733,0.4080
733,0.4130
734,0.4120
734,0.4230
734,0.4350
734,0.4280
734,0.4320
735,0.4410
735,0.4360
735,0.4470
735,0.4450
736,0.4590
736,0.4600
736,0.4580
736,0.4640
737,0.4670
737,0.4670
737,0.4610
737,0.4570
738,0.4610
738,0.4520
738,0.4600
738,0.4590
738,0.4570
739,0.4680
739,0.4630
739,0.4690
739,0.4630
740,0.4670
740,0.4590
740,0.4550
740,0.4500
741,0.4620
741,0.4720
741,0.4840
741,0.4920
742,0.4880
742,0.4820
742,0.4840
742,0.4690
742,0.4750
743,0.4660
743,0.4630
743,0.4660
743,0.4610
744,0.4670
744,0.4610
744,0.4590
744,0.4670
745,0.4660
745,0.4590
745,0.4710
745,0.4670
746,0.4760
746,0.4780
746,0.4780
746,0.4760
746,0.4810
747,0.4880
747,0.4890
747,0.4830
747,0.4740
748,0.4690
748,0.4580
748,0.4670
748,0.4670
749,0.4650
749,0.4660
749,0.4620
749,0.4660
750,0.4640
750,0.4620
750,0.4660
750,0.4670
750,0.4700
751,0.4580
751,0.4590
751,0.4550
751,0.4560
752,0.4540
752,0.4560
752,0.4560
752,0.4440
753,0.4390
753,0.4400
753,0.4410
753,0.4400
754,0.4430
754,0.4480
754,0.4530
754,0.4560
755,0.4520
755,0.4360
755,0.4380
755,0.4390
755,0.4440
756,0.4410
756,0.4480
756,0.4410
756,0.4470
757,0.4510
757,0.4570
757,0.4550
757,0.4500
758,0.4520
758,0.4390
758,0.4470
758,0.4440
759,0.4360
759,0.4250
759,0.4290
759,0.4250
759,0.4330
760,0.4300
760,0.4270
760,0.4380
760,0.4240
761,0.4090
761,0.3760
761,0.3500
761,0.3240
762,0.3040
762,0.2800
762,0.2640
762,0.2460
763,0.2400
763,0.2360
763,0.2350
763,0.2410
763,0.2310
764,0.2150
764,0.1990
764,0.1900
764,0.1810
765,0.1830
765,0.1890
765,0.1840
765,0.1910
766,0.1910
766,0.1910
766,0.2020
766,0.2050
767,0.2140
767,0.2280
767,0.2410
767,0.2380
768,0.2400
768,0.2540
768,0.2530
768,0.2600
768,0.2850
769,0.2850
769,0.2960
769,0.3000
769,0.3170
770,0.3250
770,0.3260
770,0.3330
770,0.3320
771,0.3360
771,0.3420
771,0.3500
771,0.3560
772,0.3590
772,0.3760
772,0.3780
772,0.3860
772,0.3960
773,0.4000
773,0.3900
773,0.3890
773,0.3880
774,0.3790
774,0.3830
774,0.3780
774,0.3820
775,0.3780
775,0.3870
775,0.3930
775,0.3920
776,0.4020
776,0.3960
776,0.4020
776,0.3910
777,0.3970
777,0.3950
777,0.3950
777,0.3850
777,0.3870
778,0.3860
778,0.3820
778,0.3790
778,0.3810
779,0.3740
779,0.3790
779,0.3790
779,0.3830
780,0.3800
780,0.3800
780,0.3780
780,0.3850
781,0.3820
781,0.3840
781,0.3850
781,0.3840
781,0.3860
782,0.3910
782,0.3780
782,0.3820
782,0.3750
783,0.3780
783,0.3720
783,0.3780
783,0.3790
784,0.3800
784,0.3850
784,0.3800
784,0.3800
785,0.3780
785,0.3700
785,0.3740
785,0.3710
786,0.3630
786,0.3730
786,0.3620
786,0.3630
786,0.3640
787,0.3610
787,0.3590
787,0.3620
787,0.3680
788,0.3640
788,0.3540
788,0.3540
788,0.3480
789,0.3530
789,0.3560
789,0.3540
789,0.3510
790,0.3390
790,0.3350
790,0.3370
790,0.3430
790,0.3500
791,0.3360
791,0.3310
791,0.3290
791,0.3300
792,0.3290
792,0.3390
792,0.3410
792,0.3320
793,0.3230
793,0.3210
793,0.3330
793,0.3300
794,0.3210
794,0.3160
794,0.3190
794,0.3220
795,0.3280
795,0.3150
795,0.3200
795,0.3180
795,0.3180
796,0.3140
796,0.3160
796,0.3250
796,0.3180
797,0.3110
797,0.3140
797,0.3090
797,0.3070
798,0.2990
798,0.2990
798,0.3010
798,0.2980
799,0.3060
799,0.3070
799,0.2970
799,0.3110
800,0.3090
800,0.3150
800,0.3140
800,0.3140
800,0.3080
801,0.3150
801,0.3170
801,0.3070
801,0.3150
802,0.3120
802,0.3130
802,0.3110
802,0.3100
803,0.3140
803,0.3140
803,0.3100
803,0.3090
804,0.3010
804,0.3000
804,0.3020
804,0.2980
805,0.3000
805,0.2980
805,0.2930
805,0.2990
805,0.3010
806,0.3000
806,0.2940
806,0.2960
806,0.2930
807,0.2980
807,0.3060
807,0.3010
807,0.2980
808,0.2980
808,0.3020
808,0.2980
808,0.2930
809,0.2930
809,0.2920
809,0.2900
809,0.2930
810,0.2960
810,0.2930
810,0.2890
810,0.2870
810,0.2880
811,0.2870
811,0.2820
811,0.2850
811,0.2810
812,0.2800
812,0.2740
812,0.2690
812,0.2720
813,0.2690
813,0.2650
813,0.2710
813,0.2730
814,0.2780
814,0.2780
814,0.2750
814,0.2650
815,0.2650
815,0.2550
815,0.2530
815,0.2450
815,0.2430
816,0.2410
816,0.2390
816,0.2310
816,0.2320
817,0.2200
817,0.2230
817,0.2200
817,0.2140
818,0.2030
818,0.2010
818,0.1980
818,0.2110
819,0.2020
819,0.2070
819,0.2010
819,0.2000
820,0.1920
820,0.1930
820,0.1900
820,0.1890
820,0.1900
821,0.1870
821,0.1800
821,0.1820
821,0.1830
822,0.1920
822,0.1970
822,0.1930
822,0.2010
823,0.2000
823,0.2000
823,0.2030
823,0.1960
824,0.1940
824,0.1850
824,0.1800
824,0.1770
825,0.1710
825,0.1730
825,0.1830
825,0.1920
826,0.1960
826,0.1960
826,0.1950
826,0.1990
826,0.2030
827,0.1930
827,0.1940
827,0.1900
827,0.1950
828,0.1910
828,0.1960
828,0.2020
828,0.2040
829,0.2020
829,0.2000
829,0.1960
829,0.1960
830,0.1940
830,0.1960
830,0.2000
830,0.1990
831,0.1960
831,0.2000
831,0.2020
831,0.2030
831,0.2050
832,0.2020
832,0.1980
832,0.2020
832,0.1940
833,0.1960
833,0.1960
833,0.1980
833,0.1950
834,0.1910
834,0.1910
834,0.2010
834,0.2030
835,0.2030
835,0.2020
835,0.2020
835,0.2040
836,0.1950
836,0.1950
836,0.1950
836,0.1970
837,0.1970
837,0.2040
837,0.2030
837,0.1980
837,0.2040
838,0.2040
838,0.1970
838,0.2060
838,0.2070
839,0.2140
839,0.2200
839,0.2140
839,0.2120
840,0.2100
840,0.2040
840,0.2090
840,0.2120
841,0.2130
841,0.2120
841,0.2150
841,0.2160
842,0.2110
842,0.2030
842,0.2080
842,0.2140
842,0.2210
843,0.2190
843,0.2200
843,0.2200
843,0.2220
844,0.2170
844,0.2200
844,0.2170
844,0.2220
845,0.2240
845,0.2110
845,0.2090
845,0.2090
846,0.2170
846,0.2140
846,0.2180
846,0.2150
847,0.2130
847,0.2160
847,0.2200
847,0.2270
848,0.2240
848,0.2290
848,0.2180
848,0.2200
848,0.2220
849,0.2220
849,0.2240
849,0.2170
849,0.2200
850,0.2200
850,0.2140
850,0.2170
850,0.2100
851,0.2130
851,0.2130
851,0.2100
851,0.2040
852,0.2060
852,0.1990
852,0.1970
852,0.2030
853,0.2020
853,0.2060
853,0.2070
853,0.2130
854,0.2070
854,0.2110
854,0.2080
854,0.2160
854,0.2080
855,0.2120
855,0.2070
855,0.2050
855,0.1990
856,0.1940
856,0.1860
856,0.1890
856,0.1910
857,0.1930
857,0.1900
857,0.1950
857,0.1980
858,0.1960
858,0.1970
858,0.1980
858,0.1940
859,0.2010
859,0.2010
859,0.1980
859,0.1970
860,0.1930
860,0.1940
860,0.1940
860,0.1950
860,0.1930
861,0.1880
861,0.1900
861,0.1910
861,0.1960
862,0.1990
862,0.1950
862,0.1990
862,0.1910
863,0.1940
863,0.1970
863,0.1980
863,0.1990
864,0.2040
864,0.1970
864,0.1950
864,0.1980
865,0.1910
865,0.1860
865,0.1950
865,0.1860
866,0.1900
866,0.1870
866,0.1850
866,0.1870
866,0.1870
867,0.1800
867,0.1750
867,0.1800
867,0.1760
868,0.1780
868,0.1720
868,0.1680
868,0.1740
869,0.1760
869,0.1720
869,0.1750
869,0.1750
870,0.1730
870,0.1720
870,0.1750
870,0.1690
871,0.1710
871,0.1690
871,0.1730
871,0.1680
872,0.1720
872,0.1740
872,0.1750
872,0.1770
872,0.1740
873,0.1730
873,0.1730
873,0.1810
873,0.1750
874,0.1770
874,0.1770
874,0.1740
874,0.1790
875,0.1750
875,0.1730
875,0.1740
875,0.1750
876,0.1760
876,0.1710
876,0.1700
876,0.1740
877,0.1660
877,0.1680
877,0.1620
877,0.1680
878,0.1660
878,0.1750
878,0.1720
878,0.1710
878,0.1690
879,0.1680
879,0.1630
879,0.1680
879,0.1640
880,0.1650
880,0.1690
880,0.1660
880,0.1690
881,0.1650
881,0.1640
881,0.1620
881,0.1590
882,0.1620
882,0.1600
882,0.1620
882,0.1670
883,0.1650
883,0.1650
883,0.1620
883,0.1620
884,0.1620
884,0.1590
884,0.1630
884,0.1620
885,0.1610
885,0.1690
885,0.1670
885,0.1640
885,0.1640
886,0.1610
886,0.1630
886,0.1690
886,0.1650
887,0.1590
887,0.1600
887,0.1630
887,0.1620
888,0.1600
888,0.1560
888,0.1630
888,0.1570
889,0.1560
889,0.1580
889,0.1560
889,0.1600
890,0.1530
890,0.1570
890,0.1580
890,0.1560
891,0.1570
891,0.1590
891,0.1600
891,0.1590
891,0.1570
892,0.1580
892,0.1590
892,0.1610
892,0.1600
893,0.1580
893,0.1600
893,0.1610
893,0.1610
894,0.1570
894,0.1490
894,0.1490
894,0.1450
895,0.1520
895,0.1530
895,0.1530
895,0.1490
896,0.1490
896,0.1490
896,0.1450
896,0.1400
897,0.1430
897,0.1380
897,0.1330
897,0.1310
898,0.1310
898,0.1250
898,0.1270
898,0.1210
898,0.1210
899,0.1220
899,0.1140
899,0.1200
899,0.1170
900,0.1200
900,0.1140
900,0.1060
900,0.1070
901,0.1010
901,0.1030
901,0.1090
901,0.1080
902,0.1050
902,0.1050
902,0.1040
902,0.1010
903,0.0954
903,0.0992
903,0.0958
903,0.0983
904,0.0988
904,0.0947
904,0.0918
904,0.0923
905,0.0952
905,0.0967
905,0.0973
905,0.0995
905,0.1010
906,0.0976
906,0.1030
906,0.1050
906,0.1090
907,0.1090
907,0.1060
907,0.1070
907,0.1110
908,0.1100
908,0.1090
908,0.1090
908,0.1100
909,0.1040
909,0.1010
909,0.1020
909,0.0997
910,0.0927
910,0.0952
910,0.0930
910,0.0914
911,0.0928
911,0.0916
911,0.0896
911,0.0934
912,0.0884
912,0.0899
912,0.0901
912,0.0887
912,0.0897
913,0.0921
913,0.0954
913,0.0948
913,0.0906
914,0.0858
914,0.0897
914,0.0879
914,0.0866
915,0.0848
915,0.0920
915,0.0843
915,0.0842
916,0.0840
916,0.0855
916,0.0869
916,0.0867
917,0.0854
917,0.0798
917,0.0775
917,0.0788
918,0.0758
918,0.0782
918,0.0824
918,0.0801
919,0.0792
919,0.0760
919,0.0750
919,0.0750
920,0.0747
920,0.0763
920,0.0771
920,0.0787
920,0.0838
921,0.0864
921,0.0831
921,0.0846
921,0.0822
922,0.0864
922,0.0849
922,0.0858
922,0.0885
923,0.0871
923,0.0847
923,0.0911
923,0.0852
924,0.0857
924,0.0827
924,0.0869
924,0.0898
925,0.0873
925,0.0837
925,0.0855
925,0.0894
926,0.0863
926,0.0806
926,0.0818
926,0.0820
927,0.0828
927,0.0855
927,0.0827
927,0.0810
927,0.0769
928,0.0773
928,0.0797
928,0.0771
928,0.0810
929,0.0779
929,0.0814
929,0.0760
929,0.0758
930,0.0761
930,0.0765
930,0.0757
930,0.0697
931,0.0670
931,0.0671
931,0.0622
931,0.0635
932,0.0605
932,0.0594
932,0.0612
932,0.0531
933,0.0563
933,0.0539
933,0.0500
933,0.0466
934,0.0423
934,0.0442
934,0.0403
934,0.0415
935,0.0382
935,0.0375
935,0.0358
935,0.0312
935,0.0305
936,0.0302
936,0.0248
936,0.0295
936,0.0274
937,0.0262
937,0.0247
937,0.0257
937,0.0257
938,0.0209
938,0.0207
938,0.0190
938,0.0199
939,0.0202
939,0.0190
939,0.0164
939,0.0184
940,0.0167
940,0.0200
940,0.0160
940,0.0163
941,0.0218
941,0.0203
941,0.0220
941,0.0224
942,0.0230
942,0.0216
942,0.0224
942,0.0214
943,0.0219
943,0.0234
943,0.0206
943,0.0210
943,0.0265
944,0.0263
944,0.0187
944,0.0188
944,0.0210
945,0.0219
945,0.0232
945,0.0190
945,0.0188
946,0.0151
946,0.0205
946,0.0194
946,0.0200
947,0.0190
947,0.0198
947,0.0188
947,0.0197
948,0.0184
948,0.0183
948,0.0199
948,0.0191
949,0.0177
949,0.0160
949,0.0175
949,0.0199
950,0.0195
950,0.0196
950,0.0193
950,0.0202
951,0.0191
951,0.0175
951,0.0191
951,0.0208
951,0.0167
952,0.0188
952,0.0187
952,0.0162
952,0.0214
953,0.0214
953,0.0231
953,0.0226
953,0.0198
954,0.0175
954,0.0188
954,0.0204
954,0.0167
955,0.0197
955,0.0244
955,0.0216
955,0.0206
956,0.0237
956,0.0184
956,0.0197
956,0.0215
957,0.0175
957,0.0186
957,0.0196
957,0.0213
958,0.0229
958,0.0221
958,0.0230
958,0.0217
959,0.0212
959,0.0205
959,0.0227
959,0.0222
960,0.0251
960,0.0247
960,0.0275
960,0.0267
960,0.0219
961,0.0228
961,0.0224
961,0.0189
961,0.0205
962,0.0236
962,0.0233
962,0.0239
962,0.0240
963,0.0262
963,0.0278
963,0.0244
963,0.0278
964,0.0207
964,0.0250
964,0.0219
964,0.0250
965,0.0276
965,0.0300
965,0.0291
965,0.0285
966,0.0283
966,0.0288
966,0.0261
966,0.0321
967,0.0314
967,0.0316
967,0.0297
967,0.0312
968,0.0282
968,0.0300
968,0.0275
968,0.0311
969,0.0302
969,0.0315
969,0.0324
969,0.0363
969,0.0305
970,0.0400
970,0.0341
970,0.0370
970,0.0362
971,0.0393
971,0.0352
971,0.0410
971,0.0372
972,0.0393
972,0.0362
972,0.0390
972,0.0412
973,0.0409
973,0.0421
973,0.0425
973,0.0450
974,0.0436
974,0.0448
974,0.0424
974,0.0426
975,0.0434
975,0.0432
975,0.0452
975,0.0420
976,0.0421
976,0.0412
976,0.0423
976,0.0401
977,0.0419
977,0.0384
977,0.0403
977,0.0408
978,0.0409
978,0.0375
978,0.0365
978,0.0387
978,0.0368
979,0.0390
979,0.0424
979,0.0425
979,0.0446
980,0.0371
980,0.0423
980,0.0415
980,0.0403
981,0.0447
981,0.0412
981,0.0426
981,0.0417
982,0.0424
982,0.0440
982,0.0406
982,0.0387
983,0.0407
983,0.0411
983,0.0438
983,0.0407
984,0.0419
984,0.0401
984,0.0431
984,0.0414
985,0.0417
985,0.0387
985,0.0409
985,0.0439
986,0.0394
986,0.0423
986,0.0413
986,0.0426
987,0.0423
987,0.0390
987,0.0381
987,0.0433
988,0.0430
988,0.0421
988,0.0422
988,0.0416
988,0.0423
989,0.0396
989,0.0410
989,0.0397
989,0.0384
990,0.0431
990,0.0424
990,0.0404
990,0.0412
991,0.0411
991,0.0396
991,0.0427
991,0.0412
992,0.0397
992,0.0394
992,0.0384
992,0.0402
993,0.0420
993,0.0410
993,0.0383
993,0.0426
994,0.0417
994,0.0403
994,0.0421
994,0.0433
995,0.0411
995,0.0406
995,0.0420
995,0.0376
996,0.0412
996,0.0356
996,0.0362
996,0.0380
997,0.0382
997,0.0378
997,0.0368
997,0.0406
998,0.0378
998,0.0411
998,0.0400
998,0.0399
998,0.0396
999,0.0396
999,0.0406
999,0.0405
999,0.0385
1000,0.0393
1000,0.0383
1000,0.0366
1000,0.0369
1000,0.0368
1000,0.0385
1000,0.0376
1000,0.0372
1000,0.0377
1000,0.0369
1000,0.0356
1000,0.0375
1000,0.0406
1000,0.0372
1000,0.0376
1000,0.0366
1000,0.0380
1000,0.0363
1000,0.0344
1000,0.0343
1000,0.0333
1000,0.0358
1010,0.0340
1010,0.0352
1010,0.0354
1010,0.0345
1010,0.0343
1010,0.0332
1010,0.0374
1010,0.0338
1010,0.0324
1010,0.0326
1010,0.0344
1010,0.0339
1010,0.0333
1010,0.0335
1010,0.0312
1010,0.0302
1010,0.0353
1010,0.0306
1010,0.0331
1010,0.0303
1010,0.0308
1010,0.0288
1010,0.0307
1010,0.0297
1010,0.0316
1010,0.0306
1010,0.0316
1010,0.0245
1010,0.0271
1010,0.0294
1010,0.0274
1010,0.0263
1010,0.0236
1010,0.0259
1010,0.0278
1010,0.0267
1010,0.0307
1010,0.0294
1010,0.0259
1010,0.0258
1010,0.0306
1020,0.0287
1020,0.0254
1020,0.0273
1020,0.0260
1020,0.0260
1020,0.0300
1020,0.0263
1020,0.0268
1020,0.0223
1020,0.0266
1020,0.0268
1020,0.0255
1020,0.0219
1020,0.0251
1020,0.0246
1020,0.0270
1020,0.0233
1020,0.0265
1020,0.0205
1020,0.0245
1020,0.0251
1020,0.0253
1020,0.0275
1020,0.0254
1020,0.0240
1020,0.0218
1020,0.0244
1020,0.0235
1020,0.0239
1020,0.0273
1020,0.0230
1020,0.0273
1020,0.0246
1020,0.0245
1020,0.0242
1020,0.0244
1020,0.0233
1020,0.0133
1020,-0.0010
1020,-0.0001
1020,0.0005
1030,-0.0003
1030,0.0002
1030,0.0039
