Wavelength,10:00am,No cosine
198,0.0031,0.0026
198,-0.0007,-0.0001
198,0.0009,0.0072
199,0.0018,0.0028
199,0.0006,0.0001
199,0.0015,-0.0001
199,0.0045,0.0032
199,0.0025,0.0019
200,0.0019,0.0033
200,0.0003,0.0024
200,0.0046,0.0012
200,0.0017,0.0022
200,0.0036,0.0020
201,0.0020,0.0014
201,0.0021,0.0024
201,-0.0014,-0.0003
201,0.0013,0.0000
201,0.0033,0.0014
202,0.0002,0.0035
202,0.0012,-0.0007
202,0.0023,0.0017
202,0.0031,0.0006
202,0.0032,0.0037
203,0.0018,0.0018
203,0.0042,0.0036
203,0.0015,-0.0002
203,0.0031,0.0029
203,-0.0012,0.0022
204,0.0020,0.0053
204,0.0022,0.0002
204,0.0038,0.0023
204,0.0008,0.0015
204,0.0012,0.0039
205,0.0026,0.0012
205,0.0045,0.0036
205,0.0037,0.0013
205,0.0000,0.0009
205,0.0021,0.0025
206,0.0031,0.0030
206,0.0034,0.0025
206,0.0003,0.0019
206,0.0008,0.0032
206,0.0046,0.0000
207,0.0015,0.0027
207,0.0027,0.0016
207,0.0050,0.0010
207,0.0024,0.0042
207,-0.0005,0.0012
208,0.0024,0.0036
208,0.0003,0.0040
208,0.0026,0.0050
208,-0.0008,0.0005
208,0.0030,0.0021
209,0.0054,0.0012
209,0.0043,0.0028
209,-0.0006,0.0032
209,0.0020,0.0021
210,0.0009,0.0005
210,0.0021,0.0038
210,0.0006,0.0011
210,0.0025,0.0023
210,-0.0004,0.0019
211,0.0018,0.0006
211,0.0006,0.0014
211,0.0032,0.0026
211,0.0037,0.0014
211,0.0030,0.0050
212,0.0019,0.0020
212,0.0030,0.0009
212,0.0042,0.0025
212,0.0015,0.0008
212,0.0030,0.0007
213,0.0050,0.0033
213,0.0025,0.0017
213,0.0032,0.0023
213,0.0014,-0.0003
213,0.0027,0.0011
214,0.0002,0.0016
214,0.0022,0.0018
214,0.0010,0.0031
214,0.0030,0.0054
214,0.0021,0.0045
215,0.0039,0.0013
215,0.0030,0.0021
215,0.0019,0.0014
215,0.0023,0.0008
215,0.0048,0.0028
216,0.0024,0.0023
216,0.0035,0.0029
216,0.0006,-0.0012
216,0.0052,0.0027
216,0.0034,0.0022
217,0.0032,0.0049
217,0.0020,0.0009
217,0.0078,0.0036
217,0.0015,0.0027
217,0.0025,0.0043
218,0.0027,0.0056
218,0.0044,0.0032
218,0.0022,0.0026
218,0.0045,0.0016
218,0.0038,0.0005
219,0.0023,0.0023
219,0.0011,0.0020
219,0.0031,0.0041
219,0.0020,0.0026
219,0.0026,0.0013
220,0.0018,0.0031
220,0.0052,-0.0010
220,0.0047,-0.0003
220,0.0038,0.0039
221,0.0050,0.0030
221,0.0044,0.0028
221,0.0026,0.0017
221,0.0049,0.0045
221,0.0021,0.0019
222,0.0021,0.0011
222,0.0027,0.0040
222,0.0033,0.0040
222,0.0032,0.0021
222,0.0013,0.0028
223,0.0009,0.0013
223,0.0033,0.0027
223,0.0041,0.0018
223,0.0020,0.0028
223,0.0012,0.0021
224,0.0020,0.0011
224,0.0033,-0.0008
224,0.0041,0.0060
224,-0.0014,0.0020
224,-0.0003,0.0037
225,0.0011,0.0000
225,0.0022,0.0001
225,0.0026,0.0013
225,0.0012,0.0027
225,0.0010,0.0013
226,0.0023,0.0034
226,0.0018,0.0005
226,0.0036,0.0060
226,0.0014,0.0014
226,0.0039,0.0028
227,0.0036,0.0018
227,0.0022,0.0012
227,0.0011,0.0020
227,0.0029,0.0041
227,0.0025,0.0030
228,0.0032,0.0040
228,0.0032,0.0001
228,0.0020,0.0032
228,0.0026,0.0028
228,0.0006,0.0026
229,0.0006,0.0042
229,0.0003,0.0014
229,0.0011,0.0019
229,0.0025,0.0034
229,0.0023,0.0016
230,0.0017,0.0021
230,0.0024,0.0039
230,0.0062,0.0033
230,0.0025,0.0005
231,0.0015,0.0012
231,0.0031,0.0024
231,0.0065,0.0018
231,0.0010,0.0025
231,0.0027,0.0057
232,0.0026,0.0010
232,0.0009,0.0015
232,0.0033,-0.0005
232,0.0024,0.0021
232,0.0035,0.0032
233,0.0028,0.0040
233,0.0014,0.0008
233,0.0053,-0.0001
233,0.0039,0.0044
233,0.0029,0.0045
234,0.0020,0.0010
234,0.0030,0.0032
234,0.0039,0.0017
234,0.0018,0.0003
234,0.0006,0.0018
235,0.0016,0.0025
235,0.0036,0.0041
235,0.0037,0.0033
235,0.0017,0.0037
235,0.0027,0.0023
236,0.0025,0.0035
236,0.0050,0.0068
236,0.0029,0.0009
236,0.0066,0.0042
236,0.0042,0.0018
237,0.0026,0.0034
237,0.0037,-0.0005
237,0.0054,0.0035
237,0.0015,0.0016
237,0.0009,0.0026
238,0.0012,0.0001
238,0.0017,0.0014
238,0.0031,0.0016
238,0.0010,0.0048
239,0.0011,0.0027
239,0.0036,0.0011
239,0.0013,0.0029
239,0.0013,0.0020
239,0.0005,0.0019
240,0.0041,0.0051
240,0.0033,0.0005
240,0.0018,0.0034
240,0.0038,0.0027
240,0.0048,0.0028
241,0.0020,0.0015
241,0.0059,0.0042
241,0.0038,0.0030
241,0.0024,0.0032
241,0.0006,0.0007
242,0.0027,0.0022
242,0.0048,0.0006
242,0.0020,0.0015
242,0.0023,0.0023
242,0.0035,0.0025
243,0.0027,0.0033
243,0.0049,0.0027
243,0.0035,0.0023
243,0.0031,0.0023
243,0.0022,0.0043
244,0.0025,0.0012
244,0.0005,0.0008
244,0.0012,0.0040
244,0.0044,0.0035
244,0.0017,0.0040
245,0.0055,0.0008
245,0.0019,0.0033
245,0.0046,0.0025
245,0.0025,0.0028
246,0.0003,0.0036
246,0.0068,0.0018
246,0.0044,0.0032
246,0.0038,0.0017
246,0.0006,0.0016
247,0.0030,-0.0001
247,-0.0005,0.0007
247,0.0040,0.0039
247,0.0042,0.0019
247,0.0026,0.0024
248,0.0016,-0.0003
248,0.0039,0.0033
248,0.0029,0.0032
248,0.0019,0.0008
248,0.0010,0.0008
249,0.0015,0.0046
249,0.0025,0.0028
249,0.0030,0.0028
249,0.0019,0.0006
249,0.0042,0.0032
250,-0.0022,0.0019
250,0.0053,-0.0002
250,0.0035,0.0009
250,0.0044,0.0024
250,0.0011,-0.0004
251,0.0025,0.0013
251,0.0007,0.0023
251,0.0027,0.0018
251,-0.0009,0.0032
251,0.0012,0.0012
252,0.0018,0.0024
252,0.0032,0.0008
252,0.0050,-0.0003
252,0.0052,0.0026
253,0.0026,0.0004
253,0.0057,0.0024
253,0.0018,0.0018
253,0.0029,0.0014
253,0.0024,0.0019
254,0.0024,0.0005
254,0.0032,0.0030
254,0.0011,0.0029
254,0.0029,0.0044
254,0.0012,0.0030
255,0.0048,0.0029
255,0.0039,0.0032
255,0.0018,0.0045
255,0.0023,0.0034
255,0.0025,0.0033
256,0.0031,0.0007
256,0.0007,0.0002
256,0.0038,0.0015
256,0.0036,0.0006
256,0.0041,0.0037
257,0.0022,0.0054
257,0.0021,0.0024
257,0.0007,0.0036
257,0.0038,0.0033
257,0.0059,0.0010
258,0.0038,0.0059
258,0.0003,0.0007
258,0.0032,0.0027
258,0.0047,0.0052
259,0.0024,0.0020
259,0.0031,0.0012
259,0.0019,0.0023
259,0.0025,0.0016
259,0.0042,0.0005
260,0.0029,0.0030
260,0.0011,0.0034
260,-0.0008,0.0002
260,0.0022,0.0016
260,0.0025,0.0015
261,0.0003,0.0029
261,0.0026,0.0027
261,0.0028,0.0028
261,0.0027,0.0026
261,-0.0015,0.0017
262,0.0005,0.0013
262,0.0030,0.0039
262,0.0013,0.0017
262,0.0029,0.0006
262,0.0018,0.0026
263,0.0030,0.0015
263,0.0008,-0.0006
263,0.0025,0.0047
263,0.0023,0.0036
264,0.0025,0.0017
264,0.0042,0.0007
264,0.0050,0.0011
264,0.0017,0.0011
264,0.0054,0.0003
265,0.0011,0.0033
265,0.0050,0.0038
265,0.0002,0.0010
265,0.0057,0.0022
265,0.0008,0.0013
266,0.0036,0.0029
266,0.0039,-0.0005
266,0.0019,0.0028
266,0.0040,0.0037
266,0.0027,0.0027
267,0.0035,0.0007
267,0.0020,0.0005
267,0.0008,0.0007
267,0.0039,0.0020
267,0.0028,0.0027
268,0.0014,0.0045
268,0.0008,0.0039
268,0.0039,0.0014
268,-0.0005,0.0006
268,0.0019,0.0035
269,0.0007,0.0023
269,0.0030,0.0043
269,0.0029,0.0008
269,0.0009,0.0012
270,0.0023,0.0040
270,-0.0007,0.0029
270,0.0027,0.0047
270,0.0027,0.0044
270,0.0023,0.0029
271,0.0057,0.0040
271,0.0008,-0.0002
271,0.0028,0.0025
271,0.0027,0.0029
271,0.0047,0.0041
272,0.0006,0.0030
272,0.0042,0.0031
272,0.0038,0.0031
272,0.0022,0.0010
272,0.0038,0.0005
273,0.0024,0.0055
273,0.0029,0.0017
273,0.0025,0.0032
273,-0.0001,0.0016
273,0.0031,0.0017
274,0.0016,0.0027
274,0.0052,0.0011
274,0.0018,0.0015
274,0.0043,0.0030
275,0.0021,0.0030
275,0.0021,0.0032
275,0.0030,0.0026
275,0.0030,0.0037
275,0.0037,0.0054
276,0.0021,0.0036
276,0.0028,0.0010
276,0.0029,0.0042
276,0.0018,0.0010
276,0.0037,0.0022
277,0.0015,0.0029
277,0.0036,0.0034
277,0.0032,0.0002
277,0.0049,0.0035
277,0.0038,-0.0011
278,0.0040,0.0042
278,-0.0001,-0.0004
278,0.0047,0.0030
278,-0.0002,0.0048
278,0.0056,0.0016
279,0.0011,0.0031
279,0.0041,0.0027
279,0.0017,0.0030
279,0.0010,0.0039
280,0.0049,0.0024
280,0.0016,0.0024
280,0.0004,0.0029
280,0.0031,0.0048
280,0.0032,0.0025
281,0.0027,0.0031
281,0.0038,0.0033
281,0.0015,0.0025
281,0.0007,0.0027
281,0.0042,0.0030
282,0.0028,0.0020
282,0.0048,0.0023
282,0.0013,0.0050
282,0.0023,0.0073
282,0.0013,0.0050
283,0.0037,0.0035
283,0.0014,0.0028
283,0.0014,0.0018
283,0.0028,0.0031
283,0.0020,0.0045
284,0.0011,0.0032
284,0.0018,0.0029
284,0.0044,0.0029
284,0.0053,0.0040
285,0.0041,0.0048
285,0.0057,0.0034
285,-0.0014,0.0014
285,0.0031,0.0018
285,0.0050,0.0012
286,0.0025,0.0022
286,0.0042,0.0015
286,0.0009,0.0050
286,0.0057,0.0034
286,0.0009,0.0032
287,0.0011,0.0025
287,0.0026,0.0024
287,0.0047,0.0051
287,0.0041,0.0046
287,0.0030,0.0012
288,0.0036,0.0042
288,0.0016,0.0031
288,0.0039,0.0017
288,0.0018,0.0023
289,0.0032,0.0013
289,0.0008,0.0007
289,0.0030,0.0023
289,-0.0001,0.0038
289,0.0025,0.0016
290,0.0057,0.0041
290,0.0016,0.0011
290,0.0013,0.0026
290,0.0027,0.0023
290,0.0026,0.0011
291,0.0020,0.0047
291,0.0020,0.0008
291,0.0042,0.0005
291,0.0010,0.0032
291,0.0030,0.0025
292,-0.0004,0.0032
292,0.0036,0.0030
292,0.0015,0.0022
292,0.0024,0.0020
293,0.0019,0.0039
293,0.0020,0.0008
293,0.0015,0.0016
293,0.0042,0.0023
293,0.0024,0.0017
294,0.0026,0.0037
294,0.0036,0.0014
294,0.0014,0.0026
294,0.0030,0.0009
294,0.0035,0.0025
295,0.0010,0.0013
295,0.0065,0.0038
295,0.0026,0.0013
295,0.0013,0.0027
295,0.0008,-0.0001
296,0.0038,0.0022
296,0.0002,0.0031
296,0.0041,0.0036
296,0.0026,0.0026
296,0.0027,0.0005
297,0.0008,0.0022
297,0.0029,0.0025
297,0.0020,0.0017
297,0.0009,0.0039
298,-0.0012,0.0000
298,0.0017,0.0018
298,0.0029,0.0015
298,0.0045,0.0017
298,-0.0003,0.0035
299,0.0023,0.0014
299,-0.0015,0.0024
299,0.0063,0.0009
299,0.0015,0.0022
299,0.0037,0.0011
300,0.0026,0.0016
300,0.0019,0.0015
300,0.0017,0.0016
300,0.0042,0.0007
300,0.0024,0.0022
301,0.0023,0.0037
301,0.0024,0.0009
301,0.0027,0.0022
301,0.0021,0.0030
302,0.0021,0.0035
302,0.0002,-0.0001
302,0.0022,0.0009
302,0.0023,0.0017
302,0.0049,0.0017
303,0.0026,0.0020
303,0.0015,0.0014
303,0.0034,0.0027
303,0.0029,0.0024
303,0.0016,0.0033
304,0.0017,0.0021
304,0.0009,-0.0002
304,0.0024,0.0026
304,0.0029,0.0024
304,0.0018,0.0005
305,0.0015,0.0029
305,0.0033,0.0008
305,0.0025,0.0038
305,0.0000,0.0014
306,0.0037,0.0007
306,0.0022,0.0052
306,0.0017,0.0016
306,0.0039,0.0030
306,0.0005,0.0018
307,0.0040,0.0044
307,0.0051,0.0041
307,0.0026,0.0016
307,0.0029,0.0015
307,0.0034,0.0045
308,0.0024,0.0019
308,0.0041,-0.0001
308,0.0017,0.0011
308,0.0046,0.0030
308,0.0025,0.0024
309,0.0028,0.0022
309,0.0011,0.0021
309,0.0023,0.0026
309,0.0042,0.0002
310,0.0042,0.0049
310,0.0031,0.0017
310,0.0027,0.0046
310,0.0006,0.0038
310,0.0041,0.0044
311,0.0040,0.0016
311,0.0020,0.0015
311,0.0031,0.0023
311,0.0033,0.0035
311,0.0047,0.0028
312,0.0039,0.0045
312,0.0039,0.0010
312,0.0042,0.0034
312,0.0029,0.0022
313,0.0034,0.0035
313,0.0014,0.0023
313,0.0020,0.0030
313,0.0002,0.0009
313,0.0034,0.0042
314,0.0034,0.0024
314,0.0023,0.0023
314,0.0021,0.0015
314,0.0059,0.0035
314,0.0022,0.0006
315,0.0041,0.0041
315,-0.0015,0.0030
315,0.0035,0.0025
315,0.0032,-0.0022
315,0.0057,0.0035
316,0.0041,0.0019
316,0.0000,0.0023
316,0.0006,0.0011
316,0.0018,0.0039
317,0.0027,0.0017
317,0.0025,0.0015
317,0.0012,0.0018
317,0.0051,0.0038
317,0.0022,0.0017
318,0.0046,0.0043
318,0.0016,0.0045
318,0.0019,0.0023
318,0.0030,0.0019
318,0.0025,0.0034
319,-0.0002,0.0027
319,0.0051,0.0027
319,0.0007,0.0037
319,0.0043,0.0038
319,0.0015,0.0020
320,0.0025,0.0021
320,0.0041,0.0019
320,0.0039,0.0008
320,0.0010,0.0031
321,0.0016,0.0019
321,0.0029,0.0035
321,0.0025,0.0044
321,0.0015,0.0023
321,0.0032,0.0015
322,0.0036,0.0017
322,0.0057,0.0025
322,0.0026,0.0017
322,0.0027,0.0038
322,0.0048,0.0054
323,0.0053,0.0016
323,0.0050,0.0032
323,0.0037,0.0020
323,0.0036,0.0029
324,0.0011,0.0031
324,0.0012,0.0004
324,0.0014,0.0056
324,0.0018,0.0020
324,0.0033,-0.0001
325,0.0042,0.0015
325,0.0038,0.0020
325,0.0039,0.0014
325,0.0047,0.0030
325,0.0047,0.0024
326,0.0036,0.0050
326,0.0028,0.0049
326,0.0047,0.0036
326,0.0027,0.0047
326,0.0068,0.0044
327,0.0012,0.0035
327,0.0057,0.0051
327,0.0038,0.0041
327,0.0030,0.0032
328,0.0047,0.0065
328,0.0100,0.0070
328,0.0039,0.0054
328,0.0072,0.0037
328,0.0026,-0.0001
329,0.0068,0.0057
329,0.0042,0.0033
329,0.0042,0.0041
329,0.0041,0.0046
329,0.0068,0.0047
330,0.0042,0.0027
330,0.0042,0.0052
330,0.0029,0.0070
330,0.0044,0.0063
331,0.0066,0.0058
331,0.0054,0.0054
331,0.0030,0.0035
331,0.0068,0.0065
331,0.0043,0.0062
332,0.0074,0.0038
332,0.0052,0.0050
332,0.0044,0.0066
332,0.0015,0.0043
332,0.0049,0.0053
333,0.0054,0.0059
333,0.0065,0.0074
333,0.0067,0.0059
333,0.0028,0.0047
333,0.0047,0.0039
334,0.0030,0.0073
334,0.0045,0.0052
334,0.0046,0.0081
334,0.0003,0.0067
335,0.0051,0.0047
335,0.0032,0.0058
335,0.0047,0.0057
335,0.0037,0.0050
335,0.0073,0.0071
336,0.0036,0.0059
336,0.0069,0.0064
336,0.0069,0.0023
336,0.0057,0.0065
336,0.0032,0.0103
337,0.0044,0.0089
337,0.0059,0.0059
337,0.0058,0.0056
337,0.0029,0.0057
338,0.0030,0.0073
338,0.0021,0.0055
338,0.0051,0.0056
338,0.0031,0.0055
338,0.0104,0.0087
339,0.0060,0.0068
339,0.0067,0.0035
339,0.0057,0.0048
339,0.0066,0.0054
339,0.0046,0.0071
340,0.0054,0.0072
340,0.0047,0.0065
340,0.0062,0.0077
340,0.0060,0.0072
341,0.0053,0.0063
341,0.0043,0.0083
341,0.0054,0.0068
341,0.0051,0.0073
341,0.0066,0.0082
342,0.0056,0.0083
342,0.0046,0.0122
342,0.0066,0.0062
342,0.0069,0.0077
342,0.0054,0.0059
343,0.0078,0.0067
343,0.0073,0.0053
343,0.0067,0.0089
343,0.0035,0.0065
344,0.0089,0.0094
344,0.0075,0.0066
344,0.0110,0.0096
344,0.0044,0.0094
344,0.0069,0.0096
345,0.0078,0.0082
345,0.0074,0.0082
345,0.0073,0.0082
345,0.0097,0.0099
345,0.0075,0.0050
346,0.0077,0.0075
346,0.0087,0.0108
346,0.0051,0.0066
346,0.0057,0.0097
347,0.0050,0.0115
347,0.0083,0.0080
347,0.0087,0.0083
347,0.0084,0.0099
347,0.0065,0.0088
348,0.0068,0.0100
348,0.0099,0.0113
348,0.0071,0.0105
348,0.0095,0.0093
348,0.0044,0.0103
349,0.0068,0.0101
349,0.0078,0.0104
349,0.0100,0.0112
349,0.0069,0.0086
349,0.0057,0.0104
350,0.0073,0.0084
350,0.0098,0.0082
350,0.0086,0.0114
350,0.0082,0.0080
351,0.0082,0.0091
351,0.0096,0.0090
351,0.0063,0.0122
351,0.0106,0.0126
351,0.0089,0.0103
352,0.0108,0.0129
352,0.0107,0.0124
352,0.0079,0.0153
352,0.0093,0.0120
352,0.0101,0.0132
353,0.0063,0.0132
353,0.0089,0.0137
353,0.0105,0.0119
353,0.0096,0.0123
354,0.0096,0.0076
354,0.0098,0.0119
354,0.0128,0.0114
354,0.0101,0.0116
354,0.0107,0.0129
355,0.0087,0.0145
355,0.0062,0.0127
355,0.0123,0.0120
355,0.0117,0.0146
355,0.0100,0.0168
356,0.0103,0.0144
356,0.0137,0.0116
356,0.0141,0.0153
356,0.0107,0.0180
357,0.0146,0.0148
357,0.0155,0.0165
357,0.0117,0.0136
357,0.0128,0.0147
357,0.0122,0.0136
358,0.0115,0.0158
358,0.0093,0.0123
358,0.0129,0.0113
358,0.0088,0.0153
358,0.0152,0.0166
359,0.0105,0.0141
359,0.0119,0.0127
359,0.0109,0.0116
359,0.0086,0.0113
360,0.0099,0.0115
360,0.0101,0.0126
360,0.0101,0.0116
360,0.0119,0.0133
360,0.0101,0.0148
361,0.0133,0.0132
361,0.0137,0.0163
361,0.0138,0.0179
361,0.0109,0.0166
362,0.0155,0.0196
362,0.0125,0.0156
362,0.0134,0.0185
362,0.0124,0.0171
362,0.0114,0.0157
363,0.0117,0.0209
363,0.0110,0.0139
363,0.0086,0.0137
363,0.0136,0.0151
363,0.0136,0.0144
364,0.0137,0.0192
364,0.0139,0.0183
364,0.0139,0.0161
364,0.0161,0.0180
365,0.0145,0.0184
365,0.0131,0.0158
365,0.0144,0.0174
365,0.0141,0.0195
365,0.0165,0.0177
366,0.0119,0.0176
366,0.0168,0.0196
366,0.0148,0.0190
366,0.0156,0.0210
366,0.0110,0.0194
367,0.0149,0.0201
367,0.0186,0.0209
367,0.0191,0.0250
367,0.0187,0.0234
368,0.0183,0.0247
368,0.0192,0.0223
368,0.0193,0.0244
368,0.0168,0.0247
368,0.0191,0.0267
369,0.0162,0.0284
369,0.0214,0.0219
369,0.0171,0.0232
369,0.0197,0.0229
369,0.0170,0.0242
370,0.0179,0.0256
370,0.0192,0.0231
370,0.0195,0.0239
370,0.0203,0.0271
371,0.0246,0.0255
371,0.0196,0.0272
371,0.0219,0.0275
371,0.0213,0.0306
371,0.0222,0.0290
372,0.0175,0.0245
372,0.0208,0.0241
372,0.0171,0.0242
372,0.0212,0.0257
372,0.0182,0.0272
373,0.0225,0.0287
373,0.0152,0.0250
373,0.0223,0.0290
373,0.0217,0.0257
374,0.0221,0.0291
374,0.0203,0.0238
374,0.0206,0.0257
374,0.0202,0.0256
374,0.0212,0.0244
375,0.0192,0.0238
375,0.0220,0.0250
375,0.0200,0.0260
375,0.0213,0.0272
375,0.0182,0.0284
376,0.0223,0.0270
376,0.0201,0.0247
376,0.0225,0.0281
376,0.0186,0.0285
377,0.0268,0.0311
377,0.0220,0.0302
377,0.0257,0.0314
377,0.0246,0.0314
377,0.0257,0.0318
378,0.0282,0.0337
378,0.0267,0.0313
378,0.0250,0.0363
378,0.0266,0.0390
379,0.0270,0.0378
379,0.0336,0.0380
379,0.0354,0.0385
379,0.0354,0.0467
379,0.0317,0.0414
380,0.0363,0.0433
380,0.0335,0.0439
380,0.0309,0.0424
380,0.0308,0.0435
380,0.0323,0.0398
381,0.0329,0.0388
381,0.0323,0.0394
381,0.0277,0.0409
381,0.0324,0.0418
382,0.0335,0.0393
382,0.0324,0.0442
382,0.0355,0.0469
382,0.0379,0.0437
382,0.0382,0.0437
383,0.0392,0.0464
383,0.0329,0.0426
383,0.0307,0.0457
383,0.0326,0.0388
383,0.0304,0.0378
384,0.0266,0.0333
384,0.0285,0.0302
384,0.0275,0.0323
384,0.0243,0.0353
385,0.0245,0.0311
385,0.0271,0.0309
385,0.0244,0.0309
385,0.0276,0.0365
385,0.0310,0.0362
386,0.0309,0.0402
386,0.0319,0.0421
386,0.0342,0.0441
386,0.0377,0.0469
387,0.0375,0.0518
387,0.0339,0.0464
387,0.0363,0.0475
387,0.0366,0.0438
387,0.0366,0.0469
388,0.0399,0.0441
388,0.0413,0.0507
388,0.0373,0.0485
388,0.0379,0.0519
388,0.0378,0.0474
389,0.0393,0.0498
389,0.0421,0.0476
389,0.0372,0.0506
389,0.0382,0.0484
390,0.0404,0.0556
390,0.0401,0.0496
390,0.0437,0.0510
390,0.0417,0.0520
390,0.0431,0.0570
391,0.0484,0.0548
391,0.0494,0.0599
391,0.0489,0.0674
391,0.0526,0.0631
392,0.0508,0.0670
392,0.0547,0.0652
392,0.0523,0.0675
392,0.0534,0.0696
392,0.0568,0.0712
393,0.0592,0.0735
393,0.0547,0.0752
393,0.0586,0.0766
393,0.0599,0.0744
393,0.0525,0.0697
394,0.0497,0.0673
394,0.0498,0.0599
394,0.0411,0.0516
394,0.0398,0.0494
395,0.0366,0.0416
395,0.0339,0.0422
395,0.0307,0.0399
395,0.0318,0.0417
395,0.0380,0.0485
396,0.0417,0.0541
396,0.0438,0.0594
396,0.0542,0.0655
396,0.0581,0.0695
396,0.0598,0.0731
397,0.0563,0.0755
397,0.0647,0.0781
397,0.0616,0.0782
397,0.0590,0.0776
398,0.0521,0.0683
398,0.0485,0.0585
398,0.0433,0.0515
398,0.0412,0.0511
398,0.0436,0.0495
399,0.0460,0.0545
399,0.0505,0.0618
399,0.0553,0.0694
399,0.0570,0.0788
400,0.0684,0.0863
400,0.0753,0.0931
400,0.0836,0.0994
400,0.0797,0.0984
400,0.0855,0.1027
401,0.0871,0.1054
401,0.0887,0.1125
401,0.0891,0.1121
401,0.0923,0.1153
401,0.0924,0.1171
402,0.0950,0.1107
402,0.0891,0.1175
402,0.1013,0.1190
402,0.0938,0.1193
403,0.0997,0.1214
403,0.0992,0.1245
403,0.1051,0.1235
403,0.1017,0.1221
403,0.1031,0.1286
404,0.0978,0.1244
404,0.1057,0.1292
404,0.1013,0.1276
404,0.1027,0.1274
405,0.1012,0.1220
405,0.1033,0.1231
405,0.1036,0.1355
405,0.1072,0.1294
405,0.1017,0.1310
406,0.1001,0.1251
406,0.1037,0.1248
406,0.1073,0.1289
406,0.1045,0.1318
407,0.1042,0.1240
407,0.1031,0.1305
407,0.1058,0.1346
407,0.1057,0.1320
407,0.1017,0.1276
408,0.1074,0.1286
408,0.1058,0.1285
408,0.1072,0.1337
408,0.1014,0.1294
408,0.1091,0.1337
409,0.1046,0.1300
409,0.1071,0.1341
409,0.1131,0.1424
409,0.1133,0.1394
410,0.1113,0.1381
410,0.1165,0.1469
410,0.1201,0.1456
410,0.1228,0.1490
410,0.1202,0.1500
411,0.1179,0.1492
411,0.1140,0.1394
411,0.1111,0.1436
411,0.1060,0.1357
412,0.1083,0.1398
412,0.1075,0.1402
412,0.1144,0.1388
412,0.1170,0.1478
412,0.1205,0.1519
413,0.1317,0.1608
413,0.1327,0.1608
413,0.1282,0.1616
413,0.1305,0.1574
413,0.1300,0.1605
414,0.1326,0.1633
414,0.1311,0.1589
414,0.1284,0.1566
414,0.1318,0.1623
415,0.1386,0.1566
415,0.1338,0.1655
415,0.1353,0.1682
415,0.1327,0.1600
415,0.1342,0.1660
416,0.1312,0.1670
416,0.1353,0.1654
416,0.1356,0.1669
416,0.1370,0.1657
417,0.1332,0.1670
417,0.1371,0.1676
417,0.1325,0.1701
417,0.1437,0.1723
417,0.1434,0.1752
418,0.1496,0.1780
418,0.1413,0.1714
418,0.1475,0.1727
418,0.1459,0.1685
419,0.1417,0.1716
419,0.1378,0.1725
419,0.1396,0.1689
419,0.1368,0.1659
419,0.1326,0.1691
420,0.1377,0.1728
420,0.1412,0.1701
420,0.1405,0.1728
420,0.1464,0.1750
420,0.1416,0.1712
421,0.1450,0.1663
421,0.1458,0.1770
421,0.1438,0.1692
421,0.1390,0.1756
422,0.1452,0.1804
422,0.1413,0.1825
422,0.1469,0.1863
422,0.1506,0.1880
422,0.1529,0.1935
423,0.1520,0.1910
423,0.1535,0.1919
423,0.1610,0.1931
423,0.1542,0.1928
424,0.1466,0.1812
424,0.1467,0.1762
424,0.1420,0.1792
424,0.1553,0.1822
424,0.1407,0.1821
425,0.1417,0.1772
425,0.1508,0.1824
425,0.1589,0.1876
425,0.1541,0.1882
426,0.1565,0.1916
426,0.1574,0.1907
426,0.1573,0.1857
426,0.1574,0.1885
426,0.1597,0.1906
427,0.1550,0.1894
427,0.1576,0.1886
427,0.1572,0.1896
427,0.1600,0.1876
427,0.1673,0.1962
428,0.1644,0.2012
428,0.1608,0.1928
428,0.1572,0.1936
428,0.1519,0.1860
429,0.1556,0.1873
429,0.1625,0.1845
429,0.1625,0.1979
429,0.1597,0.1946
429,0.1601,0.1973
430,0.1624,0.1963
430,0.1600,0.1894
430,0.1598,0.1849
430,0.1571,0.1915
431,0.1533,0.1918
431,0.1551,0.1896
431,0.1414,0.1834
431,0.1439,0.1667
431,0.1382,0.1695
432,0.1360,0.1616
432,0.1262,0.1517
432,0.1245,0.1557
432,0.1253,0.1581
433,0.1465,0.1809
433,0.1605,0.1950
433,0.1776,0.2142
433,0.1824,0.2239
433,0.1812,0.2240
434,0.1802,0.2181
434,0.1890,0.2164
434,0.1882,0.2334
434,0.1927,0.2414
435,0.1965,0.2364
435,0.1958,0.2376
435,0.1860,0.2270
435,0.1858,0.2216
435,0.1800,0.2122
436,0.1916,0.2305
436,0.1908,0.2329
436,0.1938,0.2425
436,0.1965,0.2389
436,0.2027,0.2397
437,0.2108,0.2516
437,0.2140,0.2541
437,0.2170,0.2576
437,0.2185,0.2702
438,0.2260,0.2804
438,0.2303,0.2831
438,0.2368,0.2818
438,0.2270,0.2796
438,0.2241,0.2705
439,0.2178,0.2755
439,0.2243,0.2817
439,0.2243,0.2746
439,0.2137,0.2565
440,0.2018,0.2471
440,0.2110,0.2525
440,0.2093,0.2555
440,0.2068,0.2526
440,0.2131,0.2525
441,0.2185,0.2686
441,0.2266,0.2789
441,0.2292,0.2810
441,0.2305,0.2816
442,0.2272,0.2732
442,0.2234,0.2742
442,0.2293,0.2729
442,0.2408,0.2838
442,0.2357,0.2910
443,0.2444,0.2911
443,0.2466,0.3010
443,0.2534,0.3098
443,0.2512,0.3173
444,0.2568,0.3136
444,0.2554,0.3151
444,0.2624,0.3180
444,0.2600,0.3179
444,0.2576,0.3179
445,0.2521,0.3090
445,0.2559,0.3132
445,0.2620,0.3244
445,0.2597,0.3226
446,0.2603,0.3206
446,0.2562,0.3268
446,0.2712,0.3420
446,0.2754,0.3362
446,0.2677,0.3297
447,0.2634,0.3293
447,0.2620,0.3138
447,0.2518,0.3159
447,0.2609,0.3091
447,0.2630,0.3148
448,0.2564,0.3181
448,0.2682,0.3274
448,0.2569,0.3195
448,0.2731,0.3280
449,0.2765,0.3403
449,0.2868,0.3542
449,0.2943,0.3547
449,0.2872,0.3668
449,0.2863,0.3590
450,0.2900,0.3541
450,0.2844,0.3580
450,0.2928,0.3598
450,0.2887,0.3464
451,0.2943,0.3483
451,0.2926,0.3596
451,0.2966,0.3686
451,0.3036,0.3623
451,0.3132,0.3744
452,0.3095,0.3766
452,0.3176,0.3889
452,0.3201,0.3926
452,0.3230,0.3971
453,0.3181,0.3996
453,0.3170,0.3978
453,0.3196,0.3964
453,0.3221,0.3942
453,0.3192,0.3947
454,0.3171,0.3817
454,0.3082,0.3814
454,0.3033,0.3767
454,0.3007,0.3596
455,0.3030,0.3594
455,0.2986,0.3579
455,0.3074,0.3627
455,0.3120,0.3874
455,0.3176,0.3843
456,0.3201,0.3951
456,0.3185,0.3979
456,0.3212,0.3871
456,0.3175,0.3791
457,0.3132,0.3815
457,0.3239,0.3880
457,0.3218,0.3917
457,0.3304,0.4011
457,0.3395,0.4080
458,0.3433,0.4190
458,0.3367,0.4119
458,0.3452,0.4129
458,0.3490,0.4109
459,0.3532,0.4163
459,0.3463,0.4201
459,0.3502,0.4296
459,0.3472,0.4213
459,0.3397,0.4165
460,0.3447,0.4090
460,0.3423,0.4113
460,0.3429,0.4187
460,0.3478,0.4156
461,0.3494,0.4214
461,0.3460,0.4222
461,0.3511,0.4166
461,0.3483,0.4334
461,0.3506,0.4208
462,0.3554,0.4237
462,0.3542,0.4308
462,0.3646,0.4380
462,0.3669,0.4449
463,0.3709,0.4360
463,0.3760,0.4421
463,0.3743,0.4532
463,0.3771,0.4619
463,0.3832,0.4657
464,0.3766,0.4534
464,0.3825,0.4517
464,0.3777,0.4592
464,0.3827,0.4668
465,0.3820,0.4638
465,0.3746,0.4658
465,0.3805,0.4517
465,0.3776,0.4669
465,0.3725,0.4722
466,0.3754,0.4538
466,0.3714,0.4506
466,0.3722,0.4429
466,0.3748,0.4535
467,0.3809,0.4428
467,0.3703,0.4468
467,0.3854,0.4604
467,0.3967,0.4662
467,0.3937,0.4800
468,0.3828,0.4752
468,0.3781,0.4591
468,0.3705,0.4340
468,0.3758,0.4461
468,0.3832,0.4494
469,0.3827,0.4593
469,0.3903,0.4676
469,0.3884,0.4709
469,0.3912,0.4782
470,0.4000,0.4720
470,0.3952,0.4856
470,0.4017,0.4779
470,0.4039,0.4857
470,0.3978,0.4818
471,0.4049,0.4845
471,0.3981,0.4760
471,0.3941,0.4768
471,0.3809,0.4690
472,0.3892,0.4731
472,0.3857,0.4741
472,0.3836,0.4728
472,0.3970,0.4744
472,0.3975,0.4844
473,0.4029,0.4863
473,0.4191,0.4927
473,0.4227,0.5048
473,0.4368,0.5081
474,0.4302,0.5119
474,0.4259,0.5124
474,0.4158,0.5093
474,0.4144,0.5063
474,0.4104,0.5066
475,0.4146,0.4877
475,0.4144,0.5050
475,0.4249,0.5111
475,0.4308,0.5200
476,0.4354,0.5291
476,0.4366,0.5220
476,0.4451,0.5274
476,0.4358,0.5305
476,0.4398,0.5341
477,0.4384,0.5132
477,0.4326,0.5246
477,0.4464,0.5283
477,0.4311,0.5303
478,0.4371,0.5159
478,0.4318,0.5310
478,0.4329,0.5192
478,0.4359,0.5184
478,0.4400,0.5391
479,0.4541,0.5494
479,0.4614,0.5536
479,0.4678,0.5581
479,0.4751,0.5716
480,0.4673,0.5627
480,0.4604,0.5591
480,0.4589,0.5532
480,0.4589,0.5484
480,0.4688,0.5600
481,0.4782,0.5715
481,0.4729,0.5646
481,0.4771,0.5684
481,0.4767,0.5754
482,0.4866,0.5833
482,0.4775,0.5993
482,0.4776,0.5733
482,0.4832,0.5760
482,0.4804,0.5817
483,0.4886,0.5825
483,0.4888,0.5911
483,0.4954,0.5966
483,0.5043,0.5952
484,0.4992,0.5930
484,0.4999,0.5852
484,0.4946,0.5842
484,0.4960,0.5970
484,0.5017,0.5982
485,0.5032,0.5931
485,0.5033,0.5851
485,0.4963,0.5895
485,0.4865,0.5852
486,0.4897,0.5860
486,0.5002,0.5889
486,0.4969,0.5958
486,0.4995,0.5922
487,0.4925,0.5982
487,0.4886,0.5812
487,0.4708,0.5650
487,0.4492,0.5427
487,0.4209,0.5078
488,0.4008,0.4643
488,0.4114,0.4862
488,0.4283,0.5202
488,0.4467,0.5370
489,0.4572,0.5323
489,0.4600,0.5428
489,0.4729,0.5705
489,0.4915,0.5908
489,0.5049,0.6114
490,0.5101,0.6233
490,0.5128,0.6065
490,0.4980,0.6018
490,0.4936,0.5804
491,0.4864,0.5684
491,0.5027,0.5982
491,0.5211,0.6302
491,0.5279,0.6273
491,0.5311,0.6466
492,0.5350,0.6435
492,0.5449,0.6348
492,0.5426,0.6492
492,0.5291,0.6277
493,0.5181,0.6170
493,0.5255,0.6274
493,0.5491,0.6330
493,0.5188,0.6221
493,0.4930,0.5957
494,0.4877,0.5927
494,0.5039,0.5946
494,0.5139,0.6071
494,0.5309,0.6288
495,0.5478,0.6495
495,0.5482,0.6476
495,0.5437,0.6400
495,0.5304,0.6167
495,0.5289,0.6336
496,0.5455,0.6550
496,0.5595,0.6582
496,0.5571,0.6770
496,0.5628,0.6697
497,0.5695,0.6879
497,0.5679,0.6772
497,0.5531,0.6596
497,0.5478,0.6313
497,0.5440,0.6227
498,0.5538,0.6471
498,0.5538,0.6574
498,0.5617,0.6712
498,0.5607,0.6722
499,0.5605,0.6514
499,0.5691,0.6706
499,0.5722,0.6688
499,0.5693,0.6764
499,0.5583,0.6745
500,0.5505,0.6470
500,0.5296,0.6261
500,0.5356,0.6223
500,0.5478,0.6456
501,0.5579,0.6466
501,0.5654,0.6685
501,0.5737,0.6846
501,0.5718,0.6820
501,0.5515,0.6682
502,0.5573,0.6522
502,0.5400,0.6516
502,0.5381,0.6379
502,0.5306,0.6512
503,0.5515,0.6787
503,0.5420,0.6519
503,0.5344,0.6283
503,0.5342,0.6220
503,0.5275,0.6354
504,0.5464,0.6496
504,0.5460,0.6493
504,0.5574,0.6510
504,0.5568,0.6464
505,0.5721,0.6638
505,0.5701,0.6677
505,0.5679,0.6605
505,0.5663,0.6521
505,0.5459,0.6369
506,0.5336,0.6164
506,0.5445,0.6437
506,0.5761,0.6806
506,0.5685,0.6945
507,0.5767,0.6782
507,0.5764,0.6660
507,0.5863,0.6935
507,0.5985,0.7067
508,0.5995,0.7188
508,0.6159,0.7351
508,0.6087,0.7085
508,0.5976,0.6915
508,0.5881,0.6922
509,0.5880,0.6893
509,0.5930,0.6922
509,0.5946,0.6942
509,0.5908,0.6829
510,0.5793,0.6664
510,0.5677,0.6690
510,0.5736,0.6828
510,0.5993,0.6963
510,0.6088,0.7284
511,0.6092,0.7288
511,0.6313,0.7406
511,0.6257,0.7266
511,0.6057,0.7001
512,0.6023,0.6858
512,0.6005,0.7035
512,0.6069,0.7292
512,0.6173,0.7182
512,0.6087,0.7064
513,0.6144,0.7270
513,0.6281,0.7405
513,0.6417,0.7440
513,0.6416,0.7550
514,0.6534,0.7585
514,0.6486,0.7573
514,0.6250,0.7297
514,0.6237,0.7010
514,0.6237,0.7065
515,0.6212,0.7179
515,0.6282,0.7335
515,0.6312,0.7531
515,0.6261,0.7278
516,0.6129,0.7149
516,0.6281,0.7194
516,0.6182,0.7331
516,0.6276,0.7356
516,0.6297,0.7270
517,0.6425,0.7334
517,0.6413,0.7546
517,0.6438,0.7374
517,0.6545,0.7596
518,0.6512,0.7582
518,0.6523,0.7530
518,0.6338,0.7320
518,0.5891,0.6693
519,0.5506,0.6396
519,0.5314,0.6145
519,0.5221,0.6146
519,0.5561,0.6295
519,0.6119,0.6949
520,0.6339,0.7412
520,0.5611,0.6403
520,0.5538,0.6250
520,0.5983,0.6968
521,0.6081,0.7229
521,0.6174,0.7137
521,0.6125,0.7304
521,0.6297,0.7473
521,0.6498,0.7660
522,0.6523,0.7610
522,0.6424,0.7559
522,0.6227,0.7235
522,0.6214,0.7300
523,0.6382,0.7342
523,0.6548,0.7416
523,0.6537,0.7675
523,0.6490,0.7607
523,0.6540,0.7543
524,0.6641,0.7799
524,0.6513,0.7816
524,0.6287,0.7301
524,0.6203,0.7055
525,0.6237,0.7183
525,0.6325,0.7351
525,0.6350,0.7392
525,0.6517,0.7511
525,0.6696,0.7784
526,0.6686,0.7768
526,0.6681,0.7655
526,0.6719,0.7713
526,0.6575,0.7445
527,0.6599,0.7381
527,0.6553,0.7533
527,0.6549,0.7554
527,0.6596,0.7594
528,0.6689,0.7740
528,0.6512,0.7453
528,0.6078,0.7053
528,0.5845,0.6957
528,0.5641,0.6692
529,0.5734,0.6644
529,0.5866,0.6770
529,0.6102,0.7036
529,0.6255,0.7236
530,0.6433,0.7371
530,0.6421,0.7476
530,0.6414,0.7286
530,0.6476,0.7215
530,0.6840,0.7473
531,0.6778,0.7650
531,0.6824,0.7786
531,0.6600,0.7700
531,0.6519,0.7590
532,0.6452,0.7574
532,0.6527,0.7469
532,0.6612,0.7433
532,0.6789,0.7614
532,0.6849,0.7839
533,0.6858,0.7985
533,0.6837,0.7828
533,0.6808,0.7734
533,0.6615,0.7636
534,0.6643,0.7609
534,0.6600,0.7695
534,0.6429,0.7415
534,0.6138,0.7078
534,0.6076,0.6935
535,0.6183,0.7055
535,0.6396,0.7371
535,0.6588,0.7571
535,0.6591,0.7668
536,0.6480,0.7463
536,0.6546,0.7165
536,0.6465,0.7376
536,0.6601,0.7426
537,0.6633,0.7576
537,0.6622,0.7556
537,0.6803,0.7560
537,0.6883,0.7960
537,0.6955,0.7972
538,0.7023,0.8080
538,0.6935,0.7908
538,0.6722,0.7789
538,0.6553,0.7684
539,0.6369,0.7324
539,0.6415,0.7426
539,0.6522,0.7752
539,0.6752,0.8129
539,0.6897,0.8136
540,0.6840,0.7828
540,0.6754,0.7750
540,0.6800,0.7789
540,0.6817,0.7795
541,0.6845,0.7768
541,0.6745,0.7580
541,0.6670,0.7604
541,0.6616,0.7426
541,0.6616,0.7552
542,0.6605,0.7552
542,0.6600,0.7451
542,0.6485,0.7436
542,0.6401,0.7217
543,0.6449,0.7374
543,0.6547,0.7556
543,0.6611,0.7589
543,0.6839,0.7538
544,0.6887,0.7828
544,0.6841,0.7689
544,0.6789,0.7716
544,0.6767,0.7735
544,0.6851,0.7575
545,0.6801,0.7775
545,0.6730,0.7819
545,0.6761,0.7857
545,0.6789,0.7798
546,0.6873,0.8031
546,0.7092,0.8141
546,0.7195,0.8071
546,0.7036,0.7954
546,0.6888,0.7753
547,0.7032,0.7934
547,0.7182,0.8115
547,0.7122,0.8122
547,0.6981,0.8005
548,0.7103,0.8064
548,0.7202,0.8111
548,0.7149,0.8122
548,0.7183,0.8095
549,0.7206,0.8120
549,0.7291,0.8183
549,0.7239,0.7955
549,0.7062,0.8154
549,0.7010,0.8062
550,0.6931,0.8192
550,0.6965,0.8172
550,0.7197,0.8011
550,0.7286,0.8136
551,0.7335,0.8493
551,0.7252,0.8549
551,0.7327,0.8550
551,0.7383,0.8287
551,0.7292,0.8300
552,0.7393,0.8251
552,0.7374,0.8382
552,0.7328,0.8365
552,0.7264,0.8378
553,0.7419,0.8352
553,0.7269,0.8517
553,0.7359,0.8373
553,0.7334,0.8271
553,0.7464,0.8222
554,0.7546,0.8481
554,0.7635,0.8635
554,0.7647,0.8602
554,0.7356,0.8600
555,0.7325,0.8231
555,0.7296,0.8272
555,0.7452,0.8470
555,0.7500,0.8551
556,0.7460,0.8704
556,0.7569,0.8740
556,0.7533,0.8446
556,0.7631,0.8369
556,0.7692,0.8357
557,0.7590,0.8723
557,0.7773,0.8755
557,0.7662,0.8772
557,0.7736,0.8789
558,0.7740,0.8762
558,0.7631,0.8628
558,0.7613,0.8643
558,0.7596,0.8598
558,0.7470,0.8310
559,0.7473,0.8403
559,0.7371,0.8523
559,0.7462,0.8508
559,0.7477,0.8439
560,0.7506,0.8591
560,0.7583,0.8354
560,0.7623,0.8381
560,0.7559,0.8497
561,0.7406,0.8330
561,0.7200,0.7911
561,0.7311,0.7932
561,0.7245,0.8105
561,0.7370,0.8377
562,0.7424,0.8376
562,0.7315,0.8453
562,0.7368,0.8369
562,0.7572,0.8555
563,0.7622,0.8745
563,0.7832,0.8736
563,0.7798,0.8933
563,0.7643,0.8814
563,0.7368,0.8506
564,0.7393,0.8331
564,0.7516,0.8447
564,0.7447,0.8504
564,0.7554,0.8471
565,0.7545,0.8383
565,0.7634,0.8492
565,0.7731,0.8903
565,0.7659,0.8578
566,0.7625,0.8629
566,0.7543,0.8606
566,0.7648,0.8527
566,0.7495,0.8657
566,0.7624,0.8575
567,0.7760,0.8581
567,0.7633,0.8593
567,0.7622,0.8548
567,0.7505,0.8427
568,0.7419,0.8270
568,0.7437,0.8313
568,0.7333,0.8319
568,0.7501,0.8093
568,0.7410,0.8300
569,0.7609,0.8528
569,0.7652,0.8634
569,0.7645,0.8677
569,0.7761,0.8990
570,0.7683,0.8906
570,0.7708,0.8569
570,0.7656,0.8503
570,0.7474,0.8385
571,0.7416,0.8142
571,0.7376,0.8093
571,0.7285,0.8041
571,0.7433,0.8352
571,0.7517,0.8512
572,0.7610,0.8485
572,0.7560,0.8568
572,0.7469,0.8449
572,0.7524,0.8239
573,0.7368,0.8057
573,0.7154,0.7938
573,0.7232,0.7984
573,0.7299,0.8007
573,0.7487,0.8136
574,0.7389,0.8295
574,0.7523,0.8442
574,0.7659,0.8443
574,0.7724,0.8499
575,0.7651,0.8771
575,0.7662,0.8642
575,0.7611,0.8574
575,0.7723,0.8615
576,0.7693,0.8447
576,0.7658,0.8426
576,0.7707,0.8517
576,0.7725,0.8468
576,0.7643,0.8133
577,0.7604,0.8184
577,0.7563,0.8241
577,0.7403,0.8436
577,0.7521,0.8368
578,0.7408,0.8395
578,0.7508,0.8507
578,0.7422,0.8345
578,0.7489,0.8104
578,0.7662,0.8432
579,0.7689,0.8481
579,0.7761,0.8355
579,0.7627,0.8490
579,0.7689,0.8424
580,0.7598,0.8617
580,0.7407,0.8363
580,0.7438,0.8160
580,0.7538,0.8349
581,0.7549,0.8556
581,0.7596,0.8497
581,0.7688,0.8427
581,0.7613,0.8591
581,0.7671,0.8409
582,0.7751,0.8464
582,0.7747,0.8689
582,0.7812,0.8895
582,0.7725,0.8714
583,0.7843,0.8525
583,0.7758,0.8359
583,0.7823,0.8560
583,0.7782,0.8768
584,0.7743,0.8838
584,0.7838,0.8836
584,0.7890,0.8945
584,0.7903,0.8799
584,0.8080,0.8862
585,0.7952,0.8832
585,0.8090,0.8936
585,0.8039,0.9056
585,0.7998,0.8882
586,0.7901,0.8868
586,0.8057,0.8753
586,0.8030,0.8837
586,0.8058,0.8981
586,0.7929,0.8947
587,0.7911,0.8963
587,0.7962,0.8891
587,0.7990,0.9050
587,0.7810,0.8942
588,0.7637,0.8647
588,0.7703,0.8511
588,0.7837,0.8645
588,0.7920,0.8875
589,0.7968,0.8989
589,0.7919,0.8933
589,0.8011,0.9122
589,0.8033,0.9119
589,0.7939,0.9030
590,0.7909,0.8811
590,0.7827,0.8599
590,0.7665,0.8683
590,0.7641,0.8589
591,0.7266,0.8509
591,0.6867,0.7701
591,0.6764,0.7407
591,0.6767,0.7547
592,0.6667,0.7426
592,0.6834,0.7540
592,0.7088,0.7915
592,0.7357,0.8238
592,0.7547,0.8382
593,0.7565,0.8186
593,0.7582,0.8414
593,0.7603,0.8372
593,0.7683,0.8348
594,0.7520,0.8349
594,0.7486,0.8307
594,0.7579,0.8358
594,0.7542,0.8372
594,0.7653,0.8487
595,0.7626,0.8340
595,0.7771,0.8370
595,0.7785,0.8394
595,0.7849,0.8510
596,0.7817,0.8385
596,0.7684,0.8593
596,0.7631,0.8493
596,0.7609,0.8306
597,0.7490,0.8404
597,0.7473,0.8174
597,0.7504,0.8307
597,0.7712,0.8476
597,0.7668,0.8341
598,0.7776,0.8446
598,0.7807,0.8518
598,0.7893,0.8541
598,0.7968,0.8665
599,0.7911,0.8713
599,0.7830,0.8678
599,0.7959,0.8664
599,0.7840,0.8654
600,0.7841,0.8494
600,0.7897,0.8312
600,0.7903,0.8533
600,0.7877,0.8881
600,0.7901,0.9018
601,0.7782,0.8891
601,0.7854,0.8888
601,0.7877,0.8734
601,0.7986,0.8961
602,0.7994,0.8815
602,0.7900,0.8637
602,0.7810,0.8686
602,0.7790,0.8548
602,0.7720,0.8346
603,0.7555,0.8451
603,0.7393,0.8430
603,0.7287,0.8130
603,0.7313,0.8057
604,0.7303,0.8038
604,0.7150,0.7914
604,0.7007,0.7808
604,0.6996,0.7818
605,0.7030,0.7567
605,0.6963,0.7670
605,0.6852,0.7629
605,0.6885,0.7580
605,0.6783,0.7409
606,0.6717,0.7206
606,0.6778,0.7263
606,0.6675,0.7156
606,0.6586,0.7118
607,0.6549,0.6869
607,0.6715,0.6946
607,0.6674,0.6953
607,0.6658,0.7154
608,0.6715,0.7107
608,0.6772,0.7406
608,0.6856,0.7336
608,0.6921,0.7532
608,0.6887,0.7493
609,0.7090,0.7368
609,0.7226,0.7575
609,0.7385,0.7735
609,0.7361,0.7983
610,0.7471,0.8013
610,0.7523,0.8054
610,0.7569,0.8183
610,0.7598,0.8416
611,0.7677,0.8874
611,0.7715,0.8752
611,0.7810,0.8590
611,0.7800,0.8529
611,0.7783,0.8551
612,0.7910,0.8956
612,0.7868,0.8790
612,0.7773,0.8725
612,0.7590,0.8571
613,0.7781,0.8784
613,0.7932,0.8738
613,0.7855,0.8670
613,0.7991,0.8895
614,0.7877,0.8690
614,0.7978,0.8580
614,0.7890,0.8411
614,0.7835,0.8256
614,0.7744,0.8295
615,0.7626,0.8394
615,0.7724,0.8527
615,0.7773,0.8313
615,0.7600,0.8304
616,0.7546,0.8074
616,0.7472,0.8012
616,0.7473,0.7952
616,0.7458,0.8039
617,0.7520,0.8076
617,0.7707,0.8367
617,0.7641,0.8354
617,0.7644,0.8313
617,0.7650,0.8339
618,0.7518,0.8277
618,0.7586,0.8195
618,0.7337,0.7926
618,0.7290,0.7588
619,0.7264,0.7795
619,0.7410,0.8108
619,0.7342,0.8162
619,0.7367,0.8184
619,0.7493,0.8154
620,0.7466,0.8150
620,0.7550,0.8108
620,0.7710,0.8297
620,0.7668,0.8468
621,0.7615,0.8557
621,0.7662,0.8615
621,0.7570,0.8678
621,0.7508,0.8439
622,0.7732,0.8339
622,0.7662,0.8364
622,0.7725,0.8240
622,0.7746,0.8446
622,0.7827,0.8552
623,0.7708,0.8647
623,0.7937,0.8601
623,0.7802,0.8480
623,0.7742,0.8463
624,0.7616,0.8192
624,0.7644,0.8285
624,0.7543,0.8168
624,0.7577,0.8007
625,0.7689,0.8386
625,0.7673,0.8349
625,0.7650,0.8343
625,0.7445,0.8195
625,0.7555,0.8129
626,0.7570,0.8005
626,0.7525,0.8173
626,0.7511,0.8192
626,0.7541,0.8257
627,0.7446,0.7989
627,0.7483,0.7982
627,0.7596,0.8032
627,0.7410,0.8095
628,0.7427,0.8028
628,0.7304,0.7745
628,0.7359,0.7905
628,0.7398,0.7988
628,0.7406,0.7942
629,0.7470,0.7712
629,0.7475,0.7830
629,0.7542,0.7915
629,0.7520,0.8012
630,0.7413,0.7910
630,0.7299,0.7878
630,0.7178,0.7503
630,0.7178,0.7555
631,0.7216,0.7753
631,0.7268,0.7809
631,0.7329,0.7821
631,0.7403,0.7902
631,0.7362,0.7842
632,0.7260,0.7909
632,0.7319,0.7740
632,0.7186,0.7706
632,0.7154,0.7720
633,0.7338,0.7914
633,0.7365,0.8141
633,0.7404,0.8477
633,0.7321,0.8232
634,0.7384,0.7916
634,0.7221,0.7838
634,0.7171,0.7567
634,0.7294,0.7701
634,0.7307,0.7789
635,0.7299,0.7759
635,0.7520,0.7913
635,0.7497,0.8106
635,0.7604,0.8159
636,0.7434,0.8216
636,0.7462,0.8119
636,0.7309,0.8012
636,0.7426,0.8029
637,0.7530,0.7911
637,0.7543,0.7833
637,0.7491,0.8018
637,0.7482,0.7874
637,0.7486,0.7896
638,0.7535,0.8004
638,0.7433,0.7916
638,0.7406,0.7650
638,0.7461,0.7546
639,0.7422,0.7950
639,0.7518,0.7934
639,0.7544,0.7931
639,0.7591,0.8153
640,0.7607,0.8115
640,0.7566,0.8162
640,0.7541,0.8030
640,0.7631,0.8154
640,0.7541,0.8190
641,0.7716,0.8292
641,0.7585,0.8213
641,0.7661,0.7869
641,0.7662,0.7917
642,0.7575,0.8013
642,0.7523,0.8004
642,0.7508,0.8159
642,0.7442,0.8145
643,0.7490,0.8191
643,0.7409,0.8320
643,0.7391,0.8072
643,0.7482,0.8044
643,0.7471,0.8088
644,0.7489,0.7998
644,0.7474,0.8080
644,0.7660,0.8301
644,0.7680,0.8045
645,0.7725,0.7931
645,0.7679,0.8044
645,0.7645,0.8227
645,0.7454,0.8013
646,0.7468,0.8230
646,0.7397,0.8359
646,0.7453,0.8150
646,0.7618,0.8400
646,0.7654,0.8326
647,0.7576,0.8150
647,0.7450,0.7877
647,0.7463,0.7807
647,0.7481,0.7792
648,0.7513,0.7898
648,0.7370,0.7941
648,0.7299,0.7849
648,0.7279,0.7900
649,0.7289,0.7839
649,0.7160,0.7583
649,0.7178,0.7550
649,0.7012,0.7420
649,0.7116,0.7318
650,0.6931,0.7283
650,0.6977,0.7455
650,0.6937,0.7330
650,0.6929,0.7385
651,0.6952,0.7612
651,0.7038,0.7877
651,0.6869,0.7726
651,0.6805,0.7459
652,0.6553,0.7212
652,0.6489,0.7255
652,0.6651,0.7393
652,0.6791,0.7543
653,0.6940,0.7551
653,0.6915,0.7163
653,0.6980,0.7394
653,0.6865,0.7334
653,0.6795,0.7090
654,0.6864,0.7154
654,0.6617,0.6980
654,0.6771,0.7154
654,0.6818,0.7098
655,0.6759,0.7195
655,0.6830,0.7312
655,0.6871,0.7168
655,0.6896,0.7151
656,0.6738,0.7173
656,0.6684,0.6929
656,0.6853,0.6981
656,0.6750,0.6973
656,0.6560,0.7178
657,0.6562,0.7098
657,0.6524,0.6965
657,0.6518,0.6898
657,0.6453,0.6794
658,0.6276,0.6749
658,0.6220,0.6641
658,0.5863,0.6349
658,0.5437,0.6080
659,0.5391,0.5767
659,0.5608,0.6129
659,0.5765,0.6004
659,0.5913,0.5986
659,0.5996,0.6193
660,0.6306,0.6529
660,0.6278,0.6615
660,0.6270,0.6753
660,0.6331,0.6759
661,0.6366,0.7059
661,0.6508,0.7081
661,0.6536,0.6892
661,0.6375,0.6798
662,0.6528,0.7037
662,0.6396,0.7063
662,0.6532,0.6807
662,0.6467,0.6862
662,0.6559,0.6957
663,0.6666,0.6960
663,0.6698,0.7100
663,0.6534,0.6942
663,0.6535,0.6728
664,0.6476,0.6808
664,0.6655,0.6922
664,0.6640,0.7110
664,0.6618,0.7163
665,0.6639,0.7021
665,0.6581,0.6971
665,0.6601,0.6858
665,0.6558,0.6738
665,0.6470,0.6782
666,0.6553,0.6828
666,0.6481,0.7070
666,0.6519,0.7125
666,0.6523,0.7227
667,0.6568,0.7194
667,0.6440,0.6885
667,0.6597,0.7054
667,0.6643,0.6812
668,0.6515,0.6650
668,0.6459,0.6814
668,0.6588,0.6961
668,0.6384,0.6847
669,0.6451,0.6920
669,0.6434,0.6701
669,0.6567,0.6641
669,0.6469,0.6793
669,0.6459,0.6797
670,0.6516,0.6930
670,0.6521,0.6864
670,0.6413,0.7049
670,0.6546,0.7019
671,0.6542,0.6821
671,0.6543,0.6916
671,0.6620,0.6971
671,0.6569,0.6737
672,0.6437,0.6841
672,0.6506,0.6830
672,0.6478,0.6947
672,0.6503,0.6812
672,0.6535,0.6669
673,0.6451,0.6803
673,0.6422,0.6658
673,0.6422,0.6759
673,0.6450,0.6695
674,0.6502,0.6743
674,0.6455,0.6676
674,0.6421,0.6685
674,0.6399,0.6604
675,0.6468,0.6579
675,0.6324,0.6812
675,0.6499,0.7128
675,0.6500,0.6947
675,0.6454,0.6854
676,0.6465,0.6869
676,0.6444,0.7018
676,0.6528,0.6895
676,0.6494,0.6928
677,0.6423,0.6887
677,0.6515,0.6848
677,0.6426,0.6873
677,0.6465,0.6873
678,0.6447,0.6772
678,0.6464,0.6786
678,0.6521,0.6940
678,0.6510,0.6718
679,0.6525,0.6730
679,0.6543,0.6774
679,0.6470,0.6901
679,0.6432,0.6905
679,0.6405,0.6880
680,0.6403,0.6807
680,0.6483,0.6668
680,0.6416,0.6669
680,0.6534,0.6760
681,0.6491,0.6815
681,0.6438,0.6790
681,0.6431,0.6945
681,0.6517,0.7094
682,0.6497,0.7193
682,0.6514,0.6998
682,0.6514,0.7159
682,0.6485,0.6937
682,0.6492,0.6833
683,0.6432,0.6899
683,0.6437,0.6844
683,0.6435,0.6593
683,0.6467,0.6597
684,0.6382,0.6704
684,0.6473,0.6658
684,0.6494,0.6656
684,0.6402,0.6793
685,0.6396,0.6613
685,0.6515,0.6544
685,0.6483,0.6446
685,0.6436,0.6550
686,0.6388,0.6574
686,0.6397,0.6665
686,0.6302,0.6539
686,0.6238,0.6519
686,0.6381,0.6409
687,0.6284,0.6498
687,0.6436,0.6492
687,0.6263,0.6352
687,0.6253,0.6389
688,0.6378,0.6419
688,0.6369,0.6383
688,0.6231,0.6449
688,0.6193,0.6352
689,0.5959,0.6230
689,0.5752,0.5885
689,0.5484,0.5730
689,0.5204,0.5575
689,0.5068,0.5452
690,0.4995,0.5276
690,0.5073,0.5392
690,0.5221,0.5299
690,0.5206,0.5336
691,0.5288,0.5437
691,0.5296,0.5427
691,0.5281,0.5479
691,0.5232,0.5445
692,0.5215,0.5384
692,0.5251,0.5551
692,0.5263,0.5500
692,0.5318,0.5463
693,0.5293,0.5494
693,0.5473,0.5718
693,0.5481,0.5661
693,0.5571,0.5760
693,0.5521,0.5728
694,0.5568,0.5739
694,0.5606,0.5941
694,0.5645,0.5979
694,0.5595,0.5972
695,0.5570,0.5901
695,0.5571,0.5785
695,0.5447,0.5785
695,0.5496,0.5742
696,0.5584,0.5710
696,0.5492,0.5680
696,0.5378,0.5506
696,0.5433,0.5442
696,0.5272,0.5492
697,0.5338,0.5661
697,0.5369,0.5493
697,0.5503,0.5467
697,0.5369,0.5466
698,0.5447,0.5606
698,0.5349,0.5505
698,0.5622,0.5643
698,0.5474,0.5815
699,0.5641,0.5822
699,0.5654,0.5891
699,0.5691,0.5960
699,0.5671,0.5992
700,0.5751,0.5910
700,0.5733,0.5813
700,0.5731,0.5856
700,0.5624,0.5738
700,0.5681,0.5755
701,0.5598,0.5625
701,0.5647,0.5669
701,0.5596,0.5731
701,0.5575,0.5895
702,0.5550,0.5688
702,0.5527,0.5781
702,0.5515,0.5753
702,0.5526,0.5821
703,0.5422,0.5768
703,0.5424,0.5609
703,0.5442,0.5528
703,0.5446,0.5522
703,0.5442,0.5602
704,0.5444,0.5682
704,0.5445,0.5568
704,0.5454,0.5564
704,0.5524,0.5678
705,0.5553,0.5837
705,0.5514,0.5825
705,0.5613,0.5811
705,0.5542,0.5718
706,0.5605,0.5773
706,0.5691,0.5755
706,0.5641,0.5801
706,0.5768,0.5740
707,0.5619,0.5745
707,0.5658,0.5640
707,0.5684,0.5719
707,0.5691,0.5732
707,0.5721,0.5810
708,0.5608,0.5879
708,0.5693,0.5965
708,0.5682,0.5917
708,0.5751,0.5921
709,0.5709,0.5952
709,0.5724,0.5941
709,0.5773,0.5892
709,0.5804,0.5944
710,0.5752,0.5984
710,0.5730,0.5972
710,0.5832,0.6021
710,0.5750,0.6025
711,0.5684,0.5984
711,0.5808,0.5946
711,0.5851,0.5921
711,0.5874,0.5860
711,0.5715,0.5865
712,0.5887,0.5893
712,0.5774,0.5807
712,0.5871,0.5889
712,0.5710,0.5863
713,0.5899,0.5908
713,0.5778,0.5849
713,0.5800,0.5887
713,0.5770,0.5902
714,0.5800,0.5913
714,0.5784,0.5875
714,0.5726,0.5782
714,0.5794,0.5816
715,0.5749,0.5807
715,0.5695,0.5759
715,0.5766,0.5693
715,0.5688,0.5599
715,0.5721,0.5608
716,0.5675,0.5742
716,0.5734,0.5768
716,0.5655,0.5846
716,0.5637,0.5821
717,0.5622,0.5826
717,0.5695,0.5705
717,0.5545,0.5776
717,0.5495,0.5688
718,0.5481,0.5588
718,0.5445,0.5524
718,0.5294,0.5364
718,0.5193,0.5163
718,0.5044,0.5083
719,0.4920,0.5008
719,0.4789,0.4993
719,0.4671,0.4907
719,0.4467,0.4605
720,0.4475,0.4568
720,0.4288,0.4439
720,0.4227,0.4310
720,0.4147,0.4261
721,0.3991,0.4227
721,0.4009,0.4153
721,0.3935,0.4055
721,0.3880,0.4008
722,0.3752,0.3870
722,0.3711,0.3814
722,0.3791,0.3871
722,0.3814,0.3863
722,0.3835,0.3964
723,0.3951,0.3981
723,0.4037,0.3997
723,0.4084,0.4061
723,0.4141,0.4040
724,0.4300,0.4071
724,0.4396,0.4192
724,0.4434,0.4276
724,0.4362,0.4384
725,0.4335,0.4409
725,0.4333,0.4335
725,0.4243,0.4356
725,0.4221,0.4367
726,0.4196,0.4268
726,0.4227,0.4219
726,0.4071,0.4167
726,0.4105,0.4090
726,0.4096,0.4032
727,0.4102,0.4123
727,0.4057,0.4138
727,0.4030,0.4233
727,0.4055,0.4072
728,0.4052,0.4089
728,0.4014,0.4056
728,0.4025,0.4059
728,0.4023,0.3995
729,0.4031,0.4068
729,0.3974,0.4008
729,0.3931,0.3899
729,0.3868,0.3895
730,0.3992,0.3876
730,0.4003,0.3956
730,0.4018,0.3965
730,0.4070,0.3825
730,0.3933,0.3827
731,0.3921,0.3784
731,0.3953,0.3858
731,0.3927,0.3839
731,0.4039,0.3953
732,0.3979,0.3921
732,0.4003,0.3882
732,0.3953,0.3942
732,0.4023,0.3920
733,0.4041,0.3890
733,0.4033,0.3986
733,0.4024,0.4084
733,0.4055,0.4131
734,0.4141,0.4117
734,0.4205,0.4228
734,0.4232,0.4350
734,0.4305,0.4280
734,0.4324,0.4318
735,0.4361,0.4406
735,0.4359,0.4356
735,0.4427,0.4469
735,0.4559,0.4445
736,0.4669,0.4594
736,0.4614,0.4603
736,0.4659,0.4580
736,0.4675,0.4636
737,0.4587,0.4670
737,0.4670,0.4671
737,0.4774,0.4611
737,0.4682,0.4568
738,0.4799,0.4612
738,0.4687,0.4519
738,0.4765,0.4600
738,0.4693,0.4590
738,0.4731,0.4572
739,0.4733,0.4678
739,0.4912,0.4627
739,0.4848,0.4687
739,0.4901,0.4633
740,0.4813,0.4670
740,0.4864,0.4585
740,0.4834,0.4550
740,0.4748,0.4503
741,0.4864,0.4623
741,0.4752,0.4720
741,0.4783,0.4842
741,0.4779,0.4923
742,0.4798,0.4884
742,0.4907,0.4821
742,0.4777,0.4844
742,0.4918,0.4694
742,0.4929,0.4747
743,0.4829,0.4657
743,0.4919,0.4633
743,0.4810,0.4656
743,0.4932,0.4609
744,0.4856,0.4666
744,0.4871,0.4614
744,0.4875,0.4585
744,0.4905,0.4670
745,0.4959,0.4657
745,0.4944,0.4591
745,0.4909,0.4714
745,0.4890,0.4673
746,0.4967,0.4760
746,0.4859,0.4779
746,0.4996,0.4784
746,0.4860,0.4762
746,0.4933,0.4808
747,0.4876,0.4885
747,0.5004,0.4894
747,0.4802,0.4827
747,0.5007,0.4740
748,0.4918,0.4688
748,0.4937,0.4585
748,0.4911,0.4674
748,0.4975,0.4669
749,0.4891,0.4649
749,0.4901,0.4661
749,0.4904,0.4619
749,0.4944,0.4658
750,0.4904,0.4637
750,0.5014,0.4620
750,0.4970,0.4662
750,0.4838,0.4672
750,0.4929,0.4696
751,0.4868,0.4579
751,0.4836,0.4595
751,0.4851,0.4549
751,0.4846,0.4565
752,0.4879,0.4536
752,0.4748,0.4564
752,0.4817,0.4556
752,0.4788,0.4438
753,0.4785,0.4387
753,0.4754,0.4399
753,0.4766,0.4414
753,0.4820,0.4397
754,0.4799,0.4431
754,0.4765,0.4475
754,0.4815,0.4527
754,0.4683,0.4561
755,0.4681,0.4522
755,0.4695,0.4359
755,0.4689,0.4380
755,0.4686,0.4390
755,0.4656,0.4436
756,0.4703,0.4414
756,0.4709,0.4478
756,0.4670,0.4412
756,0.4660,0.4469
757,0.4777,0.4511
757,0.4597,0.4570
757,0.4677,0.4550
757,0.4598,0.4500
758,0.4668,0.4520
758,0.4597,0.4389
758,0.4689,0.4472
758,0.4684,0.4442
759,0.4619,0.4357
759,0.4629,0.4254
759,0.4554,0.4289
759,0.4618,0.4251
759,0.4590,0.4334
760,0.4574,0.4299
760,0.4509,0.4267
760,0.4471,0.4381
760,0.4408,0.4243
761,0.4199,0.4088
761,0.3916,0.3760
761,0.3581,0.3500
761,0.3379,0.3240
762,0.3060,0.3037
762,0.2918,0.2803
762,0.2654,0.2642
762,0.2585,0.2460
763,0.2479,0.2400
763,0.2482,0.2358
763,0.2521,0.2350
763,0.2559,0.2411
763,0.2476,0.2308
764,0.2368,0.2150
764,0.2238,0.1986
764,0.2125,0.1901
764,0.2045,0.1807
765,0.1986,0.1834
765,0.2062,0.1892
765,0.1955,0.1843
765,0.2036,0.1909
766,0.2080,0.1909
766,0.2101,0.1912
766,0.2121,0.2017
766,0.2232,0.2049
767,0.2280,0.2142
767,0.2325,0.2276
767,0.2364,0.2409
767,0.2453,0.2381
768,0.2540,0.2400
768,0.2649,0.2541
768,0.2743,0.2532
768,0.2926,0.2603
768,0.2965,0.2848
769,0.3093,0.2847
769,0.3195,0.2959
769,0.3226,0.3003
769,0.3375,0.3168
770,0.3398,0.3255
770,0.3493,0.3258
770,0.3532,0.3334
770,0.3598,0.3323
771,0.3748,0.3356
771,0.3808,0.3417
771,0.3770,0.3495
771,0.3876,0.3560
772,0.3922,0.3591
772,0.4089,0.3763
772,0.4018,0.3775
772,0.4107,0.3862
772,0.4036,0.3959
773,0.4120,0.4002
773,0.4023,0.3897
773,0.4122,0.3888
773,0.4089,0.3877
774,0.4150,0.3792
774,0.4158,0.3825
774,0.4122,0.3782
774,0.4170,0.3820
775,0.4219,0.3775
775,0.4190,0.3868
775,0.4234,0.3929
775,0.4231,0.3916
776,0.4272,0.4019
776,0.4221,0.3964
776,0.4206,0.4016
776,0.4122,0.3910
777,0.4207,0.3970
777,0.4217,0.3950
777,0.4255,0.3951
777,0.4193,0.3849
777,0.4222,0.3873
778,0.4218,0.3861
778,0.4223,0.3825
778,0.4073,0.3794
778,0.4214,0.3813
779,0.4158,0.3744
779,0.4207,0.3790
779,0.4101,0.3786
779,0.4194,0.3831
780,0.4098,0.3803
780,0.4194,0.3798
780,0.4112,0.3777
780,0.4164,0.3851
781,0.4185,0.3825
781,0.4122,0.3836
781,0.4066,0.3853
781,0.4095,0.3842
781,0.4078,0.3862
782,0.4083,0.3907
782,0.4099,0.3778
782,0.3986,0.3822
782,0.4023,0.3747
783,0.4004,0.3783
783,0.4015,0.3725
783,0.4120,0.3780
783,0.3995,0.3790
784,0.4080,0.3795
784,0.3980,0.3852
784,0.4027,0.3801
784,0.4030,0.3798
785,0.3985,0.3778
785,0.3945,0.3702
785,0.3990,0.3735
785,0.3943,0.3706
786,0.4004,0.3633
786,0.3994,0.3729
786,0.3917,0.3621
786,0.3933,0.3632
786,0.3910,0.3643
787,0.3917,0.3608
787,0.3913,0.3593
787,0.3926,0.3620
787,0.3901,0.3683
788,0.3864,0.3640
788,0.3865,0.3538
788,0.3833,0.3544
788,0.3850,0.3481
789,0.3798,0.3525
789,0.3843,0.3559
789,0.3755,0.3535
789,0.3799,0.3511
790,0.3749,0.3391
790,0.3805,0.3347
790,0.3724,0.3367
790,0.3704,0.3430
790,0.3698,0.3502
791,0.3665,0.3364
791,0.3596,0.3307
791,0.3673,0.3292
791,0.3675,0.3304
792,0.3697,0.3288
792,0.3559,0.3389
792,0.3626,0.3406
792,0.3602,0.3322
793,0.3614,0.3226
793,0.3571,0.3209
793,0.3559,0.3330
793,0.3458,0.3296
794,0.3575,0.3209
794,0.3581,0.3160
794,0.3548,0.3185
794,0.3554,0.3221
795,0.3524,0.3277
795,0.3494,0.3153
795,0.3492,0.3202
795,0.3444,0.3178
795,0.3456,0.3176
796,0.3494,0.3138
796,0.3461,0.3157
796,0.3470,0.3250
796,0.3474,0.3184
797,0.3429,0.3110
797,0.3499,0.3144
797,0.3509,0.3091
797,0.3452,0.3071
798,0.3416,0.2993
798,0.3346,0.2988
798,0.3399,0.3008
798,0.3450,0.2983
799,0.3470,0.3062
799,0.3418,0.3068
799,0.3411,0.2973
799,0.3393,0.3111
800,0.3455,0.3094
800,0.3423,0.3147
800,0.3443,0.3136
800,0.3396,0.3144
800,0.3425,0.3080
801,0.3503,0.3153
801,0.3391,0.3173
801,0.3368,0.3068
801,0.3370,0.3154
802,0.3356,0.3119
802,0.3401,0.3127
802,0.3368,0.3111
802,0.3314,0.3102
803,0.3303,0.3136
803,0.3397,0.3145
803,0.3308,0.3102
803,0.3311,0.3088
804,0.3325,0.3008
804,0.3281,0.3001
804,0.3306,0.3021
804,0.3248,0.2983
805,0.3293,0.2997
805,0.3256,0.2976
805,0.3214,0.2934
805,0.3311,0.2993
805,0.3287,0.3009
806,0.3309,0.3005
806,0.3245,0.2937
806,0.3219,0.2960
806,0.3202,0.2928
807,0.3247,0.2981
807,0.3306,0.3065
807,0.3236,0.3010
807,0.3273,0.2976
808,0.3271,0.2981
808,0.3194,0.3019
808,0.3216,0.2982
808,0.3295,0.2931
809,0.3253,0.2929
809,0.3188,0.2923
809,0.3216,0.2904
809,0.3228,0.2935
810,0.3221,0.2958
810,0.3204,0.2932
810,0.3188,0.2887
810,0.3128,0.2868
810,0.3193,0.2880
811,0.3143,0.2868
811,0.3132,0.2816
811,0.3125,0.2846
811,0.3100,0.2814
812,0.3130,0.2798
812,0.3107,0.2744
812,0.3054,0.2694
812,0.3068,0.2718
813,0.3047,0.2685
813,0.3014,0.2645
813,0.2990,0.2714
813,0.2952,0.2730
814,0.2943,0.2779
814,0.2931,0.2780
814,0.2956,0.2746
814,0.2886,0.2655
815,0.2862,0.2655
815,0.2809,0.2549
815,0.2689,0.2534
815,0.2659,0.2452
815,0.2617,0.2428
816,0.2654,0.2412
816,0.2611,0.2388
816,0.2533,0.2309
816,0.2483,0.2325
817,0.2464,0.2200
817,0.2414,0.2226
817,0.2387,0.2195
817,0.2318,0.2142
818,0.2316,0.2027
818,0.2226,0.2013
818,0.2228,0.1983
818,0.2229,0.2110
819,0.2238,0.2023
819,0.2219,0.2074
819,0.2191,0.2014
819,0.2129,0.1999
820,0.2138,0.1920
820,0.2114,0.1927
820,0.2140,0.1903
820,0.2110,0.1892
820,0.2114,0.1896
821,0.2086,0.1872
821,0.2059,0.1803
821,0.2057,0.1818
821,0.2067,0.1831
822,0.2108,0.1920
822,0.2185,0.1968
822,0.2195,0.1930
822,0.2186,0.2008
823,0.2254,0.2004
823,0.2291,0.2000
823,0.2168,0.2028
823,0.2277,0.1958
824,0.2213,0.1944
824,0.2101,0.1852
824,0.2013,0.1804
824,0.1952,0.1769
825,0.1885,0.1714
825,0.1907,0.1734
825,0.1983,0.1826
825,0.2025,0.1917
826,0.2114,0.1959
826,0.2084,0.1955
826,0.2137,0.1952
826,0.2220,0.1991
826,0.2250,0.2029
827,0.2291,0.1930
827,0.2297,0.1942
827,0.2245,0.1905
827,0.2236,0.1953
828,0.2210,0.1909
828,0.2273,0.1962
828,0.2182,0.2020
828,0.2268,0.2044
829,0.2247,0.2025
829,0.2188,0.1996
829,0.2135,0.1958
829,0.2122,0.1961
830,0.2166,0.1936
830,0.2151,0.1957
830,0.2149,0.1998
830,0.2111,0.1988
831,0.2134,0.1961
831,0.2053,0.1995
831,0.2176,0.2022
831,0.2123,0.2034
831,0.2237,0.2054
832,0.2219,0.2023
832,0.2173,0.1982
832,0.2154,0.2021
832,0.2244,0.1942
833,0.2186,0.1960
833,0.2245,0.1961
833,0.2185,0.1981
833,0.2189,0.1950
834,0.2199,0.1907
834,0.2154,0.1913
834,0.2196,0.2009
834,0.2184,0.2033
835,0.2252,0.2034
835,0.2163,0.2022
835,0.2149,0.2015
835,0.2222,0.2035
836,0.2132,0.1948
836,0.2177,0.1946
836,0.2249,0.1948
836,0.2322,0.1966
837,0.2303,0.1972
837,0.2230,0.2039
837,0.2214,0.2032
837,0.2236,0.1979
837,0.2227,0.2035
838,0.2180,0.2044
838,0.2272,0.1971
838,0.2285,0.2060
838,0.2291,0.2072
839,0.2355,0.2135
839,0.2299,0.2200
839,0.2323,0.2139
839,0.2356,0.2118
840,0.2312,0.2098
840,0.2357,0.2041
840,0.2317,0.2088
840,0.2359,0.2118
841,0.2370,0.2129
841,0.2379,0.2116
841,0.2358,0.2148
841,0.2381,0.2157
842,0.2407,0.2109
842,0.2438,0.2033
842,0.2431,0.2078
842,0.2441,0.2142
842,0.2431,0.2207
843,0.2405,0.2192
843,0.2477,0.2197
843,0.2377,0.2203
843,0.2416,0.2218
844,0.2438,0.2173
844,0.2432,0.2199
844,0.2417,0.2167
844,0.2462,0.2216
845,0.2420,0.2236
845,0.2463,0.2113
845,0.2449,0.2086
845,0.2426,0.2088
846,0.2447,0.2165
846,0.2479,0.2144
846,0.2367,0.2178
846,0.2433,0.2147
847,0.2445,0.2134
847,0.2432,0.2158
847,0.2508,0.2204
847,0.2475,0.2267
848,0.2461,0.2240
848,0.2428,0.2294
848,0.2467,0.2183
848,0.2430,0.2197
848,0.2514,0.2224
849,0.2408,0.2223
849,0.2468,0.2243
849,0.2417,0.2171
849,0.2432,0.2201
850,0.2447,0.2204
850,0.2477,0.2140
850,0.2470,0.2168
850,0.2446,0.2098
851,0.2462,0.2133
851,0.2370,0.2130
851,0.2371,0.2095
851,0.2407,0.2037
852,0.2313,0.2060
852,0.2283,0.1990
852,0.2324,0.1967
852,0.2354,0.2026
853,0.2345,0.2024
853,0.2353,0.2059
853,0.2354,0.2070
853,0.2305,0.2128
854,0.2364,0.2074
854,0.2367,0.2111
854,0.2364,0.2079
854,0.2313,0.2161
854,0.2298,0.2082
855,0.2368,0.2123
855,0.2287,0.2074
855,0.2196,0.2049
855,0.2210,0.1989
856,0.2175,0.1942
856,0.2110,0.1856
856,0.2119,0.1885
856,0.2126,0.1909
857,0.2170,0.1931
857,0.2166,0.1896
857,0.2167,0.1954
857,0.2169,0.1984
858,0.2227,0.1962
858,0.2231,0.1971
858,0.2247,0.1977
858,0.2193,0.1936
859,0.2206,0.2005
859,0.2240,0.2013
859,0.2218,0.1975
859,0.2267,0.1975
860,0.2255,0.1932
860,0.2254,0.1942
860,0.2233,0.1941
860,0.2234,0.1949
860,0.2189,0.1933
861,0.2207,0.1880
861,0.2199,0.1901
861,0.2179,0.1909
861,0.2228,0.1955
862,0.2170,0.1992
862,0.2185,0.1945
862,0.2175,0.1990
862,0.2171,0.1908
863,0.2192,0.1945
863,0.2165,0.1970
863,0.2157,0.1978
863,0.2180,0.1994
864,0.2185,0.2040
864,0.2134,0.1966
864,0.2150,0.1952
864,0.2134,0.1977
865,0.2166,0.1908
865,0.2156,0.1857
865,0.2172,0.1953
865,0.2138,0.1857
866,0.2154,0.1904
866,0.2143,0.1870
866,0.2176,0.1846
866,0.2114,0.1866
866,0.2159,0.1867
867,0.2090,0.1795
867,0.2133,0.1748
867,0.2021,0.1795
867,0.1997,0.1760
868,0.2036,0.1779
868,0.1945,0.1718
868,0.1927,0.1681
868,0.1976,0.1745
869,0.1965,0.1760
869,0.1987,0.1721
869,0.1928,0.1750
869,0.1948,0.1747
870,0.1970,0.1734
870,0.1989,0.1722
870,0.1992,0.1746
870,0.1963,0.1691
871,0.1944,0.1710
871,0.2012,0.1687
871,0.2003,0.1731
871,0.2035,0.1677
872,0.1906,0.1722
872,0.2024,0.1736
872,0.2012,0.1751
872,0.1959,0.1775
872,0.1975,0.1737
873,0.1970,0.1727
873,0.1986,0.1733
873,0.1999,0.1813
873,0.1949,0.1754
874,0.1956,0.1767
874,0.1980,0.1772
874,0.1978,0.1740
874,0.1997,0.1790
875,0.2022,0.1748
875,0.1937,0.1727
875,0.1967,0.1740
875,0.1944,0.1754
876,0.1925,0.1762
876,0.1956,0.1707
876,0.2011,0.1701
876,0.1901,0.1742
877,0.1969,0.1664
877,0.1932,0.1679
877,0.1931,0.1623
877,0.1907,0.1684
878,0.1938,0.1661
878,0.1922,0.1748
878,0.1913,0.1718
878,0.1910,0.1707
878,0.1919,0.1688
879,0.1923,0.1683
879,0.1955,0.1633
879,0.1899,0.1680
879,0.1897,0.1639
880,0.1954,0.1645
880,0.1931,0.1689
880,0.1891,0.1662
880,0.1880,0.1692
881,0.1898,0.1647
881,0.1890,0.1643
881,0.1884,0.1616
881,0.1910,0.1590
882,0.1835,0.1624
882,0.1877,0.1605
882,0.1881,0.1618
882,0.1851,0.1671
883,0.1896,0.1654
883,0.1865,0.1648
883,0.1949,0.1618
883,0.1913,0.1624
884,0.1868,0.1622
884,0.1913,0.1591
884,0.1845,0.1633
884,0.1856,0.1623
885,0.1903,0.1609
885,0.1848,0.1691
885,0.1831,0.1671
885,0.1887,0.1640
885,0.1851,0.1637
886,0.1868,0.1610
886,0.1876,0.1627
886,0.1891,0.1689
886,0.1890,0.1647
887,0.1900,0.1588
887,0.1785,0.1602
887,0.1843,0.1626
887,0.1846,0.1625
888,0.1788,0.1596
888,0.1893,0.1560
888,0.1850,0.1630
888,0.1806,0.1567
889,0.1835,0.1557
889,0.1835,0.1576
889,0.1850,0.1561
889,0.1812,0.1597
890,0.1853,0.1535
890,0.1814,0.1574
890,0.1859,0.1579
890,0.1829,0.1562
891,0.1859,0.1569
891,0.1831,0.1588
891,0.1804,0.1600
891,0.1862,0.1595
891,0.1850,0.1568
892,0.1760,0.1583
892,0.1890,0.1592
892,0.1794,0.1614
892,0.1720,0.1603
893,0.1782,0.1580
893,0.1866,0.1600
893,0.1827,0.1612
893,0.1769,0.1607
894,0.1730,0.1572
894,0.1723,0.1490
894,0.1784,0.1489
894,0.1729,0.1454
895,0.1746,0.1518
895,0.1731,0.1534
895,0.1683,0.1525
895,0.1667,0.1494
896,0.1652,0.1487
896,0.1665,0.1493
896,0.1630,0.1452
896,0.1598,0.1404
897,0.1581,0.1427
897,0.1556,0.1381
897,0.1500,0.1330
897,0.1549,0.1315
898,0.1473,0.1307
898,0.1465,0.1247
898,0.1453,0.1272
898,0.1409,0.1214
898,0.1442,0.1208
899,0.1414,0.1219
899,0.1360,0.1135
899,0.1369,0.1200
899,0.1348,0.1166
900,0.1363,0.1199
900,0.1327,0.1144
900,0.1292,0.1064
900,0.1221,0.1074
901,0.1209,0.1013
901,0.1199,0.1028
901,0.1212,0.1090
901,0.1217,0.1080
902,0.1209,0.1048
902,0.1193,0.1048
902,0.1093,0.1040
902,0.1175,0.1015
903,0.1095,0.0954
903,0.1146,0.0992
903,0.1120,0.0958
903,0.1116,0.0983
904,0.1125,0.0988
904,0.1125,0.0947
904,0.1104,0.0918
904,0.1105,0.0923
905,0.1090,0.0952
905,0.1192,0.0967
905,0.1192,0.0973
905,0.1129,0.0995
905,0.1190,0.1015
906,0.1250,0.0976
906,0.1215,0.1032
906,0.1220,0.1055
906,0.1214,0.1091
907,0.1203,0.1088
907,0.1214,0.1064
907,0.1231,0.1073
907,0.1306,0.1109
908,0.1208,0.1100
908,0.1173,0.1086
908,0.1194,0.1089
908,0.1173,0.1102
909,0.1172,0.1035
909,0.1144,0.1009
909,0.1141,0.1023
909,0.1110,0.0997
910,0.1100,0.0927
910,0.1065,0.0952
910,0.1045,0.0930
910,0.1098,0.0914
911,0.1086,0.0928
911,0.1093,0.0916
911,0.1056,0.0896
911,0.0997,0.0934
912,0.1075,0.0884
912,0.0996,0.0899
912,0.1096,0.0901
912,0.1037,0.0887
912,0.1076,0.0897
913,0.1102,0.0921
913,0.1035,0.0954
913,0.1049,0.0948
913,0.1074,0.0906
914,0.1046,0.0858
914,0.1049,0.0897
914,0.1014,0.0879
914,0.1021,0.0866
915,0.1007,0.0848
915,0.0992,0.0920
915,0.0971,0.0843
915,0.0926,0.0842
916,0.0967,0.0840
916,0.1015,0.0855
916,0.0975,0.0869
916,0.0978,0.0867
917,0.0939,0.0854
917,0.0926,0.0798
917,0.0874,0.0775
917,0.0940,0.0788
918,0.0892,0.0758
918,0.0933,0.0782
918,0.0912,0.0824
918,0.0933,0.0801
919,0.0957,0.0792
919,0.0862,0.0760
919,0.0890,0.0750
919,0.0890,0.0750
920,0.0881,0.0747
920,0.0872,0.0763
920,0.0916,0.0771
920,0.0903,0.0787
920,0.0896,0.0838
921,0.0973,0.0864
921,0.0950,0.0831
921,0.0938,0.0846
921,0.1004,0.0822
922,0.1057,0.0864
922,0.1051,0.0849
922,0.0984,0.0858
922,0.0981,0.0885
923,0.1000,0.0871
923,0.1026,0.0847
923,0.0989,0.0911
923,0.1033,0.0852
924,0.0991,0.0857
924,0.1064,0.0827
924,0.1031,0.0869
924,0.1015,0.0898
925,0.1023,0.0873
925,0.1021,0.0837
925,0.0991,0.0855
925,0.0988,0.0894
926,0.0995,0.0863
926,0.0993,0.0806
926,0.0969,0.0818
926,0.0946,0.0820
927,0.0995,0.0828
927,0.0946,0.0855
927,0.0990,0.0827
927,0.0967,0.0810
927,0.0962,0.0769
928,0.0939,0.0773
928,0.0994,0.0797
928,0.0956,0.0771
928,0.1001,0.0810
929,0.0936,0.0779
929,0.0958,0.0814
929,0.0902,0.0760
929,0.0910,0.0758
930,0.0870,0.0761
930,0.0842,0.0765
930,0.0868,0.0757
930,0.0807,0.0697
931,0.0772,0.0670
931,0.0820,0.0671
931,0.0778,0.0622
931,0.0794,0.0635
932,0.0713,0.0605
932,0.0705,0.0594
932,0.0659,0.0612
932,0.0630,0.0531
933,0.0616,0.0563
933,0.0583,0.0539
933,0.0588,0.0500
933,0.0568,0.0466
934,0.0506,0.0423
934,0.0476,0.0442
934,0.0499,0.0403
934,0.0431,0.0415
935,0.0444,0.0382
935,0.0420,0.0375
935,0.0396,0.0358
935,0.0401,0.0312
935,0.0384,0.0305
936,0.0326,0.0302
936,0.0315,0.0248
936,0.0332,0.0295
936,0.0318,0.0274
937,0.0288,0.0262
937,0.0320,0.0247
937,0.0267,0.0257
937,0.0290,0.0257
938,0.0277,0.0209
938,0.0242,0.0207
938,0.0239,0.0190
938,0.0233,0.0199
939,0.0228,0.0202
939,0.0229,0.0190
939,0.0189,0.0164
939,0.0197,0.0184
940,0.0159,0.0167
940,0.0183,0.0200
940,0.0183,0.0160
940,0.0235,0.0163
941,0.0222,0.0218
941,0.0250,0.0203
941,0.0251,0.0220
941,0.0264,0.0224
942,0.0243,0.0230
942,0.0275,0.0216
942,0.0255,0.0224
942,0.0249,0.0214
943,0.0235,0.0219
943,0.0233,0.0234
943,0.0236,0.0206
943,0.0251,0.0210
943,0.0247,0.0265
944,0.0243,0.0263
944,0.0209,0.0187
944,0.0216,0.0188
944,0.0219,0.0210
945,0.0240,0.0219
945,0.0215,0.0232
945,0.0210,0.0190
945,0.0222,0.0188
946,0.0185,0.0151
946,0.0201,0.0205
946,0.0229,0.0194
946,0.0215,0.0200
947,0.0213,0.0190
947,0.0201,0.0198
947,0.0168,0.0188
947,0.0195,0.0197
948,0.0173,0.0184
948,0.0223,0.0183
948,0.0213,0.0199
948,0.0207,0.0191
949,0.0225,0.0177
949,0.0253,0.0160
949,0.0194,0.0175
949,0.0198,0.0199
950,0.0202,0.0195
950,0.0216,0.0196
950,0.0231,0.0193
950,0.0257,0.0202
951,0.0248,0.0191
951,0.0222,0.0175
951,0.0185,0.0191
951,0.0193,0.0208
951,0.0198,0.0167
952,0.0223,0.0188
952,0.0187,0.0187
952,0.0229,0.0162
952,0.0255,0.0214
953,0.0259,0.0214
953,0.0228,0.0231
953,0.0223,0.0226
953,0.0221,0.0198
954,0.0241,0.0175
954,0.0218,0.0188
954,0.0182,0.0204
954,0.0217,0.0167
955,0.0227,0.0197
955,0.0254,0.0244
955,0.0240,0.0216
955,0.0222,0.0206
956,0.0231,0.0237
956,0.0250,0.0184
956,0.0205,0.0197
956,0.0242,0.0215
957,0.0263,0.0175
957,0.0233,0.0186
957,0.0208,0.0196
957,0.0231,0.0213
958,0.0268,0.0229
958,0.0228,0.0221
958,0.0251,0.0230
958,0.0210,0.0217
959,0.0227,0.0212
959,0.0257,0.0205
959,0.0267,0.0227
959,0.0278,0.0222
960,0.0292,0.0251
960,0.0284,0.0247
960,0.0279,0.0275
960,0.0256,0.0267
960,0.0238,0.0219
961,0.0239,0.0228
961,0.0242,0.0224
961,0.0259,0.0189
961,0.0286,0.0205
962,0.0258,0.0236
962,0.0286,0.0233
962,0.0278,0.0239
962,0.0291,0.0240
963,0.0263,0.0262
963,0.0297,0.0278
963,0.0297,0.0244
963,0.0310,0.0278
964,0.0305,0.0207
964,0.0284,0.0250
964,0.0316,0.0219
964,0.0334,0.0250
965,0.0323,0.0276
965,0.0317,0.0300
965,0.0346,0.0291
965,0.0347,0.0285
966,0.0280,0.0283
966,0.0330,0.0288
966,0.0341,0.0261
966,0.0373,0.0321
967,0.0342,0.0314
967,0.0365,0.0316
967,0.0343,0.0297
967,0.0367,0.0312
968,0.0319,0.0282
968,0.0316,0.0300
968,0.0328,0.0275
968,0.0329,0.0311
969,0.0354,0.0302
969,0.0384,0.0315
969,0.0398,0.0324
969,0.0413,0.0363
969,0.0389,0.0305
970,0.0426,0.0400
970,0.0388,0.0341
970,0.0453,0.0370
970,0.0458,0.0362
971,0.0461,0.0393
971,0.0423,0.0352
971,0.0456,0.0410
971,0.0453,0.0372
972,0.0451,0.0393
972,0.0444,0.0362
972,0.0487,0.0390
972,0.0503,0.0412
973,0.0499,0.0409
973,0.0472,0.0421
973,0.0495,0.0425
973,0.0518,0.0450
974,0.0526,0.0436
974,0.0505,0.0448
974,0.0508,0.0424
974,0.0531,0.0426
975,0.0481,0.0434
975,0.0519,0.0432
975,0.0487,0.0452
975,0.0482,0.0420
976,0.0510,0.0421
976,0.0482,0.0412
976,0.0501,0.0423
976,0.0473,0.0401
977,0.0475,0.0419
977,0.0491,0.0384
977,0.0463,0.0403
977,0.0467,0.0408
978,0.0471,0.0409
978,0.0440,0.0375
978,0.0459,0.0365
978,0.0488,0.0387
978,0.0485,0.0368
979,0.0466,0.0390
979,0.0513,0.0424
979,0.0506,0.0425
979,0.0520,0.0446
980,0.0481,0.0371
980,0.0515,0.0423
980,0.0464,0.0415
980,0.0472,0.0403
981,0.0475,0.0447
981,0.0473,0.0412
981,0.0452,0.0426
981,0.0479,0.0417
982,0.0480,0.0424
982,0.0501,0.0440
982,0.0495,0.0406
982,0.0482,0.0387
983,0.0491,0.0407
983,0.0505,0.0411
983,0.0498,0.0438
983,0.0501,0.0407
984,0.0478,0.0419
984,0.0495,0.0401
984,0.0466,0.0431
984,0.0467,0.0414
985,0.0506,0.0417
985,0.0517,0.0387
985,0.0489,0.0409
985,0.0515,0.0439
986,0.0508,0.0394
986,0.0504,0.0423
986,0.0512,0.0413
986,0.0509,0.0426
987,0.0485,0.0423
987,0.0532,0.0390
987,0.0498,0.0381
987,0.0533,0.0433
988,0.0544,0.0430
988,0.0511,0.0421
988,0.0510,0.0422
988,0.0532,0.0416
988,0.0517,0.0423
989,0.0546,0.0396
989,0.0500,0.0410
989,0.0526,0.0397
989,0.0527,0.0384
990,0.0505,0.0431
990,0.0529,0.0424
990,0.0529,0.0404
990,0.0519,0.0412
991,0.0560,0.0411
991,0.0522,0.0396
991,0.0570,0.0427
991,0.0504,0.0412
992,0.0527,0.0397
992,0.0492,0.0394
992,0.0526,0.0384
992,0.0515,0.0402
993,0.0534,0.0420
993,0.0543,0.0410
993,0.0544,0.0383
993,0.0477,0.0426
994,0.0551,0.0417
994,0.0511,0.0403
994,0.0523,0.0421
994,0.0497,0.0433
995,0.0491,0.0411
995,0.0484,0.0406
995,0.0516,0.0420
995,0.0539,0.0376
996,0.0518,0.0412
996,0.0496,0.0356
996,0.0507,0.0362
996,0.0509,0.0380
997,0.0544,0.0382
997,0.0527,0.0378
997,0.0477,0.0368
997,0.0471,0.0406
998,0.0554,0.0378
998,0.0465,0.0411
998,0.0534,0.0400
998,0.0502,0.0399
998,0.0478,0.0396
999,0.0499,0.0396
999,0.0506,0.0406
999,0.0534,0.0405
999,0.0504,0.0385
1000,0.0482,0.0393
1000,0.0478,0.0383
1000,0.0470,0.0366
1000,0.0471,0.0369
1001,0.0472,0.0368
1001,0.0485,0.0385
1001,0.0483,0.0376
1001,0.0457,0.0372
1002,0.0474,0.0377
1002,0.0473,0.0369
1002,0.0451,0.0356
1002,0.0461,0.0375
1003,0.0478,0.0406
1003,0.0464,0.0372
1003,0.0490,0.0376
1003,0.0435,0.0366
1004,0.0459,0.0380
1004,0.0442,0.0363
1004,0.0464,0.0344
1004,0.0452,0.0343
1005,0.0442,0.0333
1005,0.0428,0.0358
1005,0.0431,0.0340
1005,0.0410,0.0352
1006,0.0419,0.0354
1006,0.0430,0.0345
1006,0.0418,0.0343
1006,0.0403,0.0332
1007,0.0426,0.0374
1007,0.0430,0.0338
1007,0.0426,0.0324
1007,0.0386,0.0326
1008,0.0411,0.0344
1008,0.0435,0.0339
1008,0.0383,0.0333
1008,0.0421,0.0335
1009,0.0422,0.0312
1009,0.0387,0.0302
1009,0.0352,0.0353
1009,0.0354,0.0306
1009,0.0470,0.0331
1010,0.0376,0.0303
1010,0.0398,0.0308
1010,0.0373,0.0288
1010,0.0339,0.0307
1011,0.0347,0.0297
1011,0.0360,0.0316
1011,0.0386,0.0306
1011,0.0338,0.0316
1012,0.0391,0.0245
1012,0.0323,0.0271
1012,0.0336,0.0294
1012,0.0335,0.0274
1013,0.0342,0.0263
1013,0.0353,0.0236
1013,0.0338,0.0259
1013,0.0344,0.0278
1014,0.0357,0.0267
1014,0.0335,0.0307
1014,0.0342,0.0294
1014,0.0333,0.0259
1015,0.0338,0.0258
1015,0.0323,0.0306
1015,0.0334,0.0287
1015,0.0326,0.0254
1016,0.0332,0.0273
1016,0.0318,0.0260
1016,0.0329,0.0260
1016,0.0329,0.0300
1017,0.0308,0.0263
1017,0.0294,0.0268
1017,0.0340,0.0223
1017,0.0302,0.0266
1018,0.0316,0.0268
1018,0.0324,0.0255
1018,0.0324,0.0219
1018,0.0318,0.0251
1019,0.0330,0.0246
1019,0.0296,0.0270
1019,0.0300,0.0233
1019,0.0331,0.0265
1020,0.0349,0.0205
1020,0.0320,0.0245
1020,0.0334,0.0251
1020,0.0314,0.0253
1020,0.0311,0.0275
1021,0.0329,0.0254
1021,0.0302,0.0240
1021,0.0313,0.0218
1021,0.0310,0.0244
1022,0.0307,0.0235
1022,0.0282,0.0239
1022,0.0329,0.0273
1022,0.0309,0.0230
1023,0.0306,0.0273
1023,0.0315,0.0246
1023,0.0275,0.0245
1023,0.0303,0.0242
1024,0.0277,0.0244
1024,0.0280,0.0233
1024,0.0170,0.0133
1024,-0.0015,-0.0010
1025,-0.0027,-0.0001
1025,-0.0021,0.0005
1025,-0.0021,-0.0003
1025,-0.0044,0.0002
1026,-0.0019,0.0039
